country,state,city,station,last_update,latitude,longitude,CO,NH3,NO2,OZONE,PM10,PM2.5,SO2,num_pollutants_reported,ts_hour,hour_of_day,day_of_week,AQI_official,AQI_simple,AQI_category
India,Andaman and Nicobar,Sri Vijaya Puram,"Police Line, Sri Vijaya Puram - ANPCC",2025-11-24 19:00:00,11.654054,92.734055,10.0,,,9.0,,,,2,2025-11-24 19:00:00,19,0,200.0,10.0,Moderate
India,Andhra_Pradesh,Amaravati,"Secretariat, Amaravati - APPCB",2025-11-24 19:00:00,16.5150833,80.5181667,21.0,4.0,22.0,37.0,99.0,54.0,7.0,7,2025-11-24 19:00:00,19,0,323.8461538461538,99.0,Very Poor
India,Andhra_Pradesh,Anantapur,"Gulzarpet, Anantapur - APPCB",2025-11-24 19:00:00,14.675886,77.593027,26.0,4.0,21.0,36.0,48.0,40.0,12.0,7,2025-11-24 19:00:00,19,0,353.1360946745562,48.0,Very Poor
India,Andhra_Pradesh,Kadapa,"Yerramukkapalli, Kadapa - APPCB",2025-11-24 19:00:00,14.465052,78.824187,32.0,5.0,23.0,30.0,52.0,46.0,14.0,7,2025-11-24 19:00:00,19,0,388.28402366863907,52.0,Very Poor
India,Andhra_Pradesh,Rajamahendravaram,"Anand Kala Kshetram, Rajamahendravaram - APPCB",2025-11-24 19:00:00,16.9872867,81.7363176,31.0,3.0,17.0,23.0,,77.0,13.0,6,2025-11-24 19:00:00,19,0,382.4260355029586,77.0,Very Poor
India,Andhra_Pradesh,Tirumala,"Toll Gate, Tirumala - APPCB",2025-11-24 19:00:00,13.67,79.35,28.0,1.0,15.0,7.0,30.0,38.0,6.0,7,2025-11-24 19:00:00,19,0,364.85207100591714,38.0,Very Poor
India,Andhra_Pradesh,Vijayawada,"HB Colony, Vijayawada - APPCB",2025-11-24 19:00:00,16.536107,80.594233,32.0,4.0,21.0,37.0,87.0,80.0,15.0,7,2025-11-24 19:00:00,19,0,388.28402366863907,87.0,Very Poor
India,Andhra_Pradesh,Vijayawada,"Rajiv Gandhi Park, Vijayawada - APPCB",2025-11-24 19:00:00,16.509717,80.612222,33.0,4.0,48.0,28.0,62.0,61.0,13.0,7,2025-11-24 19:00:00,19,0,394.14201183431953,62.0,Very Poor
India,Andhra_Pradesh,Vijayawada,"Rajiv Nagar, Vijayawada - APPCB",2025-11-24 19:00:00,16.554731,80.64911,35.0,,10.0,98.0,63.0,,14.0,5,2025-11-24 19:00:00,19,0,407.1875,98.0,Severe
India,Andhra_Pradesh,Visakhapatnam,"GVM Corporation, Visakhapatnam - APPCB",2025-11-24 19:00:00,17.72,83.3,20.0,4.0,19.0,86.0,113.0,139.0,14.0,7,2025-11-24 19:00:00,19,0,317.98816568047334,139.0,Very Poor
India,Arunachal_Pradesh,Naharlagun,"Naharlagun, Naharlagun - APSPCB",2025-11-24 19:00:00,27.103358,93.679645,9.0,,6.0,5.0,46.0,39.0,8.0,6,2025-11-24 19:00:00,19,0,187.46835443037975,46.0,Moderate
India,Assam,Byrnihat,"Central Academy for SFS, Byrnihat - PCBA",2025-11-24 19:00:00,26.071318,91.87488,48.0,4.0,7.0,23.0,88.0,109.0,7.0,7,2025-11-24 19:00:00,19,0,487.625,109.0,Severe
India,Assam,Guwahati,"IITG, Guwahati - PCBA",2025-11-24 19:00:00,26.2028636,91.70046436,9.0,5.0,2.0,24.0,53.0,,24.0,6,2025-11-24 19:00:00,19,0,187.46835443037975,53.0,Moderate
India,Assam,Guwahati,"LGBI Airport, Guwahati - PCBA",2025-11-24 19:00:00,26.10887,91.589544,47.0,6.0,15.0,17.0,74.0,65.0,14.0,7,2025-11-24 19:00:00,19,0,481.4375,74.0,Severe
India,Assam,Guwahati,"Pan Bazaar, Guwahati - PCBA",2025-11-24 19:00:00,26.1875,91.744194,20.0,,,17.0,33.0,40.0,34.0,5,2025-11-24 19:00:00,19,0,317.98816568047334,40.0,Very Poor
India,Assam,Guwahati,"Railway Colony, Guwahati - PCBA",2025-11-24 19:00:00,26.181742,91.78063,28.0,,3.0,,73.0,85.0,32.0,5,2025-11-24 19:00:00,19,0,364.85207100591714,85.0,Very Poor
India,Assam,Nagaon,"Christianpatty, Nagaon - PCBA",2025-11-24 19:00:00,26.349082,92.68449,,4.0,1.0,9.0,47.0,44.0,13.0,6,2025-11-24 19:00:00,19,0,72.9655172413793,47.0,Satisfactory
India,Assam,Nalbari,"Bata Chowk, Nalbari - PCBA",2025-11-24 19:00:00,26.446912,91.439057,21.0,6.0,14.0,20.0,59.0,46.0,8.0,7,2025-11-24 19:00:00,19,0,323.8461538461538,59.0,Very Poor
India,Assam,Silchar,"Tarapur, Silchar - PCBA",2025-11-24 19:00:00,24.82827,92.79525,41.0,1.0,20.0,6.0,69.0,54.0,5.0,7,2025-11-24 19:00:00,19,0,444.3125,69.0,Severe
India,Assam,Sivasagar,"Girls College, Sivasagar - PCBA",2025-11-24 19:00:00,26.987634,94.636574,20.0,9.0,24.0,41.0,41.0,34.0,9.0,7,2025-11-24 19:00:00,19,0,317.98816568047334,41.0,Very Poor
India,Bihar,Araria,"Kharahiya Basti, Araria - BSPCB",2025-11-24 19:00:00,26.146529,87.454184,31.0,8.0,12.0,10.0,112.0,178.0,20.0,7,2025-11-24 19:00:00,19,0,382.4260355029586,178.0,Very Poor
India,Bihar,Arrah,"New DM Office, Arrah - BSPCB",2025-11-24 19:00:00,25.5626095,84.663264,51.0,1.0,7.0,8.0,143.0,167.0,10.0,7,2025-11-24 19:00:00,19,0,336.30232558139534,167.0,Very Poor
India,Bihar,Aurangabad,"Gurdeo Nagar, Aurangabad - BSPCB",2025-11-24 19:00:00,24.75746,84.366208,102.0,1.0,8.0,28.0,,,13.0,5,2025-11-24 19:00:00,19,0,28.0,102.0,Good
India,Bihar,Begusarai,"Lohiyanagar, Begusarai - BSPCB",2025-11-24 19:00:00,25.42742023,86.13886079,32.0,5.0,20.0,34.0,55.0,80.0,14.0,7,2025-11-24 19:00:00,19,0,388.28402366863907,80.0,Very Poor
India,Bihar,Bettiah,"Kamalnath Nagar, Bettiah - BSPCB",2025-11-24 19:00:00,26.80365,84.51954,94.0,1.0,8.0,22.0,121.0,141.0,8.0,7,2025-11-24 19:00:00,19,0,316.3488372093023,141.0,Very Poor
India,Bihar,Bhagalpur,"DM Office_Kachari Chowk, Bhagalpur - BSPCB",2025-11-24 19:00:00,25.251013,86.989001,13.0,1.0,8.0,16.0,147.0,76.0,41.0,7,2025-11-24 19:00:00,19,0,242.6086956521739,147.0,Poor
India,Bihar,Bhagalpur,"Mayaganj, Bhagalpur - BSPCB",2025-11-24 19:00:00,25.265194,87.012947,73.0,10.0,7.0,79.0,117.0,127.0,52.0,7,2025-11-24 19:00:00,19,0,305.6046511627907,127.0,Very Poor
India,Bihar,Bihar Sharif,"D M Colony, Bihar Sharif - BSPCB",2025-11-24 19:00:00,25.204762,85.51496,16.0,,9.0,27.0,82.0,113.0,10.0,6,2025-11-24 19:00:00,19,0,285.6521739130435,113.0,Poor
India,Bihar,Buxar,"Charitra Van, Buxar - BSPCB",2025-11-24 19:00:00,25.56752,83.966379,24.0,3.0,9.0,83.0,120.0,154.0,6.0,7,2025-11-24 19:00:00,19,0,341.42011834319527,154.0,Very Poor
India,Bihar,Chhapra,"Darshan Nagar, Chhapra - BSPCB",2025-11-24 19:00:00,25.7808257,84.7446768,11.0,6.0,3.0,35.0,69.0,55.0,21.0,7,2025-11-24 19:00:00,19,0,213.91304347826087,69.0,Poor
India,Bihar,Gaya,"Collectorate, Gaya - BSPCB",2025-11-24 19:00:00,24.7955,84.9994,46.0,,9.0,19.0,,222.0,11.0,5,2025-11-24 19:00:00,19,0,475.25,222.0,Severe
India,Bihar,Gaya,"Kareemganj, Gaya - BSPCB",2025-11-24 19:00:00,24.792403,84.992416,36.0,5.0,5.0,23.0,208.0,180.0,14.0,7,2025-11-24 19:00:00,19,0,413.375,208.0,Severe
India,Bihar,Gaya,"SFTI Kusdihra, Gaya - BSPCB",2025-11-24 19:00:00,24.762518,84.982348,30.0,3.0,19.0,41.0,81.0,42.0,8.0,7,2025-11-24 19:00:00,19,0,376.56804733727813,81.0,Very Poor
India,Bihar,Hajipur,"Industrial Area, Hajipur - BSPCB",2025-11-24 19:00:00,25.697189,85.2459,87.0,8.0,32.0,88.0,111.0,211.0,4.0,7,2025-11-24 19:00:00,19,0,370.06976744186045,211.0,Very Poor
India,Bihar,Katihar,"Mirchaibari, Katihar - BSPCB",2025-11-24 19:00:00,25.560083,87.553265,88.0,1.0,16.0,7.0,91.0,111.0,23.0,7,2025-11-24 19:00:00,19,0,269.2758620689655,111.0,Poor
India,Bihar,Kishanganj,"SDM Office_Khagra, Kishanganj - BSPCB",2025-11-24 19:00:00,26.0881305,87.93840336,21.0,3.0,11.0,16.0,103.0,45.0,7.0,7,2025-11-24 19:00:00,19,0,323.8461538461538,103.0,Very Poor
India,Bihar,Manguraha,"Forest Rest House, Manguraha - BSPCB",2025-11-24 19:00:00,27.308328,84.531742,33.0,1.0,7.0,18.0,139.0,145.0,17.0,7,2025-11-24 19:00:00,19,0,394.14201183431953,145.0,Very Poor
India,Bihar,Motihari,"Gandak Colony, Motihari - BSPCB",2025-11-24 19:00:00,26.63086,84.90051,48.0,3.0,11.0,4.0,120.0,131.0,3.0,7,2025-11-24 19:00:00,19,0,487.625,131.0,Severe
India,Bihar,Munger,"Town Hall, Munger - BSPCB",2025-11-24 19:00:00,25.376776,86.471523,24.0,6.0,5.0,18.0,131.0,187.0,17.0,7,2025-11-24 19:00:00,19,0,351.6511627906977,187.0,Very Poor
India,Bihar,Muzaffarpur,"Buddha Colony, Muzaffarpur - BSPCB",2025-11-24 19:00:00,26.11442,85.39813,54.0,9.0,34.0,120.0,119.0,232.0,5.0,7,2025-11-24 19:00:00,19,0,386.1860465116279,232.0,Very Poor
India,Bihar,Muzaffarpur,"MIT-Daudpur Kothi, Muzaffarpur - BSPCB",2025-11-24 19:00:00,26.1403345,85.3650192,61.0,1.0,17.0,48.0,70.0,92.0,8.0,7,2025-11-24 19:00:00,19,0,204.41379310344828,92.0,Poor
India,Bihar,Muzaffarpur,"Muzaffarpur Collectorate, Muzaffarpur - BSPCB",2025-11-24 19:00:00,26.1209,85.3647,14.0,,10.0,31.0,,99.0,4.0,5,2025-11-24 19:00:00,19,0,256.95652173913044,99.0,Poor
India,Bihar,Patna,"DRM Office Danapur, Patna - BSPCB",2025-11-24 19:00:00,25.586562,85.043586,61.0,12.0,59.0,37.0,155.0,156.0,9.0,7,2025-11-24 19:00:00,19,0,327.86046511627904,156.0,Very Poor
India,Bihar,Patna,"Govt. High School Shikarpur, Patna - BSPCB",2025-11-24 19:00:00,25.592539,85.227158,81.0,5.0,29.0,11.0,90.0,66.0,10.0,7,2025-11-24 19:00:00,19,0,118.06896551724138,90.0,Moderate
India,Bihar,Patna,"IGSC Planetarium Complex, Patna - BSPCB",2025-11-24 19:00:00,25.610369,85.132568,49.0,,,28.0,,,,2,2025-11-24 19:00:00,19,0,493.8125,49.0,Severe
India,Bihar,Patna,"Muradpur, Patna - BSPCB",2025-11-24 19:00:00,25.619651,85.147382,45.0,5.0,11.0,38.0,129.0,171.0,9.0,7,2025-11-24 19:00:00,19,0,469.0625,171.0,Severe
India,Bihar,Patna,"Rajbansi Nagar, Patna - BSPCB",2025-11-24 19:00:00,25.599486,85.113666,64.0,5.0,127.0,25.0,128.0,140.0,8.0,7,2025-11-24 19:00:00,19,0,315.5813953488372,140.0,Very Poor
India,Bihar,Patna,"Samanpura, Patna - BSPCB",2025-11-24 19:00:00,25.596727,85.085624,20.0,6.0,44.0,25.0,185.0,152.0,2.0,7,2025-11-24 19:00:00,19,0,324.7906976744186,185.0,Very Poor
India,Bihar,Purnia,"Mariam Nagar, Purnia - BSPCB",2025-11-24 19:00:00,25.366336,87.117468,57.0,3.0,6.0,40.0,86.0,110.0,16.0,7,2025-11-24 19:00:00,19,0,265.8620689655172,110.0,Poor
India,Bihar,Rajgir,"Dangi Tola, Rajgir - BSPCB",2025-11-24 19:00:00,25.0328,85.41948,91.0,6.0,9.0,32.0,106.0,149.0,21.0,7,2025-11-24 19:00:00,19,0,322.48837209302326,149.0,Very Poor
India,Bihar,Saharsa,"Police Line, Saharsa - BSPCB",2025-11-24 19:00:00,25.892357,86.590325,39.0,4.0,7.0,4.0,128.0,144.0,17.0,7,2025-11-24 19:00:00,19,0,431.9375,144.0,Severe
India,Bihar,Samastipur,"DM Office_Kasipur, Samastipur - BSPCB",2025-11-24 19:00:00,25.859655,85.77944,,2.0,8.0,8.0,85.0,92.0,28.0,6,2025-11-24 19:00:00,19,0,204.41379310344828,92.0,Poor
India,Bihar,Sasaram,"Dada Peer, Sasaram - BSPCB",2025-11-24 19:00:00,24.952822,84.002396,46.0,4.0,2.0,27.0,161.0,77.0,4.0,7,2025-11-24 19:00:00,19,0,475.25,161.0,Severe
India,Bihar,Siwan,"Chitragupta Nagar, Siwan - BSPCB",2025-11-24 19:00:00,26.2271665,84.3570427,121.0,1.0,1.0,8.0,77.0,90.0,4.0,7,2025-11-24 19:00:00,19,0,200.0,121.0,Moderate
India,Chandigarh,Chandigarh,"Sector 22, Chandigarh - CPCC",2025-11-24 19:00:00,30.735567,76.775714,77.0,16.0,72.0,80.0,110.0,149.0,17.0,7,2025-11-24 19:00:00,19,0,322.48837209302326,149.0,Very Poor
India,Chandigarh,Chandigarh,"Sector-25, Chandigarh - CPCC",2025-11-24 19:00:00,30.751462,76.762879,32.0,7.0,22.0,45.0,117.0,156.0,9.0,7,2025-11-24 19:00:00,19,0,388.28402366863907,156.0,Very Poor
India,Chandigarh,Chandigarh,"Sector-53, Chandigarh - CPCC",2025-11-24 19:00:00,30.719859,76.738637,56.0,22.0,99.0,5.0,123.0,167.0,10.0,7,2025-11-24 19:00:00,19,0,336.30232558139534,167.0,Very Poor
India,Chhattisgarh,Bhilai,"32Bungalows, Bhilai - CECB",2025-11-24 19:00:00,21.194815,81.31477,26.0,3.0,54.0,60.0,68.0,39.0,14.0,7,2025-11-24 19:00:00,19,0,353.1360946745562,68.0,Very Poor
India,Chhattisgarh,Bhilai,"Civic Center, Bhilai - Bhilai Steel Plant",2025-11-24 19:00:00,21.185571,81.343175,29.0,3.0,9.0,12.0,54.0,52.0,8.0,7,2025-11-24 19:00:00,19,0,370.7100591715976,54.0,Very Poor
India,Chhattisgarh,Bhilai,"Hathkhoj, Bhilai - CECB",2025-11-24 19:00:00,21.224231,81.40835,26.0,,,25.0,,,,2,2025-11-24 19:00:00,19,0,353.1360946745562,26.0,Very Poor
India,Chhattisgarh,Bilaspur,"Mangala, Bilaspur - NTPC",2025-11-24 19:00:00,22.08815,82.13737,34.0,,23.0,,98.0,83.0,20.0,5,2025-11-24 19:00:00,19,0,400.0,98.0,Very Poor
India,Chhattisgarh,Chhal,"Nawapara SECL Colony, Chhal - CECB",2025-11-24 19:00:00,22.118125,83.140608,34.0,5.0,9.0,104.0,83.0,74.0,18.0,7,2025-11-24 19:00:00,19,0,400.0,104.0,Very Poor
India,Chhattisgarh,Korba,"Rampur, Korba - CECB",2025-11-24 19:00:00,22.368195,82.746431,23.0,2.0,14.0,,85.0,51.0,9.0,6,2025-11-24 19:00:00,19,0,335.5621301775148,85.0,Very Poor
India,Chhattisgarh,Korba,"Urja Nagar, Korba - CECB",2025-11-24 19:00:00,22.348441,82.549611,28.0,2.0,46.0,36.0,72.0,55.0,,6,2025-11-24 19:00:00,19,0,364.85207100591714,72.0,Very Poor
India,Chhattisgarh,Kunjemura,"OP Jindal School, Kunjemura - CECB",2025-11-24 19:00:00,22.12665,83.483212,27.0,2.0,26.0,48.0,80.0,56.0,9.0,7,2025-11-24 19:00:00,19,0,358.9940828402367,80.0,Very Poor
India,Chhattisgarh,Milupara,"Govt. Higher Secondary School, Milupara - CECB",2025-11-24 19:00:00,22.1910172,83.5197009,29.0,,,98.0,,,,2,2025-11-24 19:00:00,19,0,370.7100591715976,98.0,Very Poor
India,Chhattisgarh,Raipur,"AIIMS, Raipur - CECB",2025-11-24 19:00:00,21.258815,81.578979,42.0,4.0,74.0,3.0,59.0,30.0,7.0,7,2025-11-24 19:00:00,19,0,450.5,74.0,Severe
India,Chhattisgarh,Raipur,"Krishak Nagar, Raipur - CECB",2025-11-24 19:00:00,21.237755,81.705301,23.0,2.0,21.0,,55.0,27.0,8.0,6,2025-11-24 19:00:00,19,0,335.5621301775148,55.0,Very Poor
India,Chhattisgarh,Raipur,"Siltara Phase-II, Raipur - CECB",2025-11-24 19:00:00,21.371751,81.664929,35.0,3.0,21.0,4.0,100.0,32.0,5.0,7,2025-11-24 19:00:00,19,0,407.1875,100.0,Severe
India,Chhattisgarh,Tumidih,"OP Jindal Industrial Park, Tumidih - CECB",2025-11-24 19:00:00,22.06631475,83.33820077,29.0,2.0,46.0,81.0,109.0,85.0,9.0,7,2025-11-24 19:00:00,19,0,370.7100591715976,109.0,Very Poor
India,Delhi,Delhi,"Alipur, Delhi - DPCC",2025-11-24 19:00:00,28.815329,77.15301,90.0,20.0,82.0,54.0,366.0,382.0,10.0,7,2025-11-24 19:00:00,19,0,424.76,382.0,Severe
India,Delhi,Delhi,"Anand Vihar, Delhi - DPCC",2025-11-24 19:00:00,28.647622,77.315809,71.0,22.0,150.0,19.0,389.0,418.0,48.0,7,2025-11-24 19:00:00,19,0,431.24,418.0,Severe
India,Delhi,Delhi,"Ashok Vihar, Delhi - DPCC",2025-11-24 19:00:00,28.695381,77.181665,63.0,1.0,111.0,89.0,375.0,408.0,17.0,7,2025-11-24 19:00:00,19,0,429.44,408.0,Severe
India,Delhi,Delhi,"Aya Nagar, Delhi - IMD",2025-11-24 19:00:00,28.4706914,77.1099364,52.0,,44.0,120.0,355.0,352.0,,5,2025-11-24 19:00:00,19,0,419.36,355.0,Severe
India,Delhi,Delhi,"Bawana, Delhi - DPCC",2025-11-24 19:00:00,28.7762,77.051074,96.0,7.0,49.0,98.0,325.0,401.0,13.0,7,2025-11-24 19:00:00,19,0,428.18,401.0,Severe
India,Delhi,Delhi,"Burari Crossing, Delhi - IMD",2025-11-24 19:00:00,28.7256504,77.2011573,33.0,,74.0,123.0,348.0,401.0,,5,2025-11-24 19:00:00,19,0,428.18,401.0,Severe
India,Delhi,Delhi,"CRRI Mathura Road, Delhi - IMD",2025-11-24 19:00:00,28.5512005,77.2735737,41.0,,40.0,74.0,364.0,361.0,,5,2025-11-24 19:00:00,19,0,444.3125,364.0,Severe
India,Delhi,Delhi,"Chandni Chowk, Delhi - IITM",2025-11-24 19:00:00,28.656756,77.227234,86.0,12.0,94.0,69.0,344.0,,10.0,6,2025-11-24 19:00:00,19,0,294.0,344.0,Poor
India,Delhi,Delhi,"DTU, Delhi - CPCB",2025-11-24 19:00:00,28.7500499,77.1112615,57.0,11.0,62.0,28.0,317.0,414.0,31.0,7,2025-11-24 19:00:00,19,0,430.52,414.0,Severe
India,Delhi,Delhi,"Dr. Karni Singh Shooting Range, Delhi - DPCC",2025-11-24 19:00:00,28.498571,77.26484,45.0,9.0,109.0,54.0,297.0,374.0,23.0,7,2025-11-24 19:00:00,19,0,469.0625,374.0,Severe
India,Delhi,Delhi,"Dwarka-Sector 8, Delhi - DPCC ",2025-11-24 19:00:00,28.5710274,77.0719006,160.0,15.0,102.0,95.0,334.0,392.0,17.0,7,2025-11-24 19:00:00,19,0,426.56,392.0,Severe
India,Delhi,Delhi,"IGI Airport (T3), Delhi - IMD",2025-11-24 19:00:00,28.5627763,77.1180053,48.0,,190.0,121.0,326.0,323.0,,5,2025-11-24 19:00:00,19,0,487.625,326.0,Severe
India,Delhi,Delhi,"IHBAS, Dilshad Garden, Delhi - CPCB",2025-11-24 19:00:00,28.6811736,77.3025234,61.0,5.0,53.0,24.0,276.0,235.0,12.0,7,2025-11-24 19:00:00,19,0,388.48837209302326,276.0,Very Poor
India,Delhi,Delhi,"ITO, Delhi - CPCB",2025-11-24 19:00:00,28.628624,77.24106,58.0,5.0,108.0,50.0,327.0,399.0,20.0,7,2025-11-24 19:00:00,19,0,427.82,399.0,Severe
India,Delhi,Delhi,"Jahangirpuri, Delhi - DPCC",2025-11-24 19:00:00,28.73282,77.170633,77.0,10.0,140.0,103.0,392.0,421.0,37.0,7,2025-11-24 19:00:00,19,0,431.78,421.0,Severe
India,Delhi,Delhi,"Jawaharlal Nehru Stadium, Delhi - DPCC",2025-11-24 19:00:00,28.58028,77.233829,65.0,11.0,113.0,140.0,376.0,383.0,11.0,7,2025-11-24 19:00:00,19,0,424.94,383.0,Severe
India,Delhi,Delhi,"Lodhi Road, Delhi - IITM",2025-11-24 19:00:00,28.588333,77.221667,,,73.0,,213.0,344.0,16.0,4,2025-11-24 19:00:00,19,0,417.92,344.0,Severe
India,Delhi,Delhi,"Lodhi Road, Delhi - IMD",2025-11-24 19:00:00,28.5918245,77.2273074,73.0,,33.0,86.0,278.0,342.0,,5,2025-11-24 19:00:00,19,0,417.56,342.0,Severe
India,Delhi,Delhi,"Major Dhyan Chand National Stadium, Delhi - DPCC",2025-11-24 19:00:00,28.611281,77.237738,66.0,17.0,105.0,164.0,308.0,345.0,23.0,7,2025-11-24 19:00:00,19,0,418.1,345.0,Severe
India,Delhi,Delhi,"Mandir Marg, Delhi - DPCC",2025-11-24 19:00:00,28.636429,77.201067,75.0,24.0,76.0,76.0,277.0,314.0,115.0,7,2025-11-24 19:00:00,19,0,412.52,314.0,Severe
India,Delhi,Delhi,"Mundka, Delhi - DPCC",2025-11-24 19:00:00,28.684678,77.076574,75.0,15.0,107.0,64.0,269.0,403.0,16.0,7,2025-11-24 19:00:00,19,0,428.54,403.0,Severe
India,Delhi,Delhi,"NSIT Dwarka, Delhi - CPCB",2025-11-24 19:00:00,28.60909,77.0325413,36.0,13.0,67.0,43.0,229.0,321.0,16.0,7,2025-11-24 19:00:00,19,0,413.78,321.0,Severe
India,Delhi,Delhi,"Najafgarh, Delhi - DPCC",2025-11-24 19:00:00,28.570173,76.933762,60.0,9.0,58.0,21.0,212.0,349.0,18.0,7,2025-11-24 19:00:00,19,0,418.82,349.0,Severe
India,Delhi,Delhi,"Narela, Delhi - DPCC",2025-11-24 19:00:00,28.822836,77.101981,38.0,19.0,60.0,99.0,340.0,404.0,20.0,7,2025-11-24 19:00:00,19,0,428.72,404.0,Severe
India,Delhi,Delhi,"Nehru Nagar, Delhi - DPCC",2025-11-24 19:00:00,28.56789,77.250515,131.0,14.0,63.0,140.0,336.0,400.0,31.0,7,2025-11-24 19:00:00,19,0,428.0,400.0,Severe
India,Delhi,Delhi,"North Campus, DU, Delhi - IMD",2025-11-24 19:00:00,28.6573814,77.1585447,93.0,,122.0,131.0,342.0,385.0,,5,2025-11-24 19:00:00,19,0,425.3,385.0,Severe
India,Delhi,Delhi,"Okhla Phase-2, Delhi - DPCC",2025-11-24 19:00:00,28.530785,77.271255,75.0,12.0,148.0,158.0,338.0,368.0,16.0,7,2025-11-24 19:00:00,19,0,422.24,368.0,Severe
India,Delhi,Delhi,"Patparganj, Delhi - DPCC",2025-11-24 19:00:00,28.623763,77.287209,90.0,14.0,131.0,113.0,363.0,397.0,8.0,7,2025-11-24 19:00:00,19,0,427.46,397.0,Severe
India,Delhi,Delhi,"Punjabi Bagh, Delhi - DPCC",2025-11-24 19:00:00,28.674045,77.131023,60.0,5.0,64.0,71.0,362.0,402.0,73.0,7,2025-11-24 19:00:00,19,0,428.36,402.0,Severe
India,Delhi,Delhi,"Pusa, Delhi - DPCC",2025-11-24 19:00:00,28.639652,77.146275,76.0,6.0,113.0,2.0,324.0,380.0,8.0,7,2025-11-24 19:00:00,19,0,424.4,380.0,Severe
India,Delhi,Delhi,"Pusa, Delhi - IMD",2025-11-24 19:00:00,28.63611,77.173332,80.0,,71.0,91.0,316.0,374.0,,5,2025-11-24 19:00:00,19,0,423.32,374.0,Severe
India,Delhi,Delhi,"R K Puram, Delhi - DPCC",2025-11-24 19:00:00,28.563262,77.186937,65.0,6.0,87.0,341.0,316.0,396.0,11.0,7,2025-11-24 19:00:00,19,0,427.28,396.0,Severe
India,Delhi,Delhi,"Rohini, Delhi - DPCC",2025-11-24 19:00:00,28.732528,77.11992,69.0,22.0,69.0,159.0,396.0,422.0,17.0,7,2025-11-24 19:00:00,19,0,431.96,422.0,Severe
India,Delhi,Delhi,"Shadipur, Delhi - CPCB",2025-11-24 19:00:00,28.6514781,77.1473105,54.0,15.0,121.0,24.0,348.0,293.0,13.0,7,2025-11-24 19:00:00,19,0,408.74,348.0,Severe
India,Delhi,Delhi,"Sirifort, Delhi - CPCB",2025-11-24 19:00:00,28.5504249,77.2159377,49.0,10.0,56.0,15.0,318.0,374.0,25.0,7,2025-11-24 19:00:00,19,0,493.8125,374.0,Severe
India,Delhi,Delhi,"Sonia Vihar, Delhi - DPCC",2025-11-24 19:00:00,28.710508,77.249485,91.0,7.0,59.0,149.0,344.0,400.0,13.0,7,2025-11-24 19:00:00,19,0,428.0,400.0,Severe
India,Delhi,Delhi,"Sri Aurobindo Marg, Delhi - DPCC",2025-11-24 19:00:00,28.531346,77.190156,61.0,6.0,32.0,99.0,210.0,337.0,9.0,7,2025-11-24 19:00:00,19,0,416.66,337.0,Severe
India,Delhi,Delhi,"Vivek Vihar, Delhi - DPCC",2025-11-24 19:00:00,28.672342,77.31526,33.0,13.0,91.0,16.0,364.0,417.0,15.0,7,2025-11-24 19:00:00,19,0,431.06,417.0,Severe
India,Delhi,Delhi,"Wazirpur, Delhi - DPCC",2025-11-24 19:00:00,28.699793,77.165453,71.0,14.0,114.0,75.0,410.0,418.0,9.0,7,2025-11-24 19:00:00,19,0,431.24,418.0,Severe
India,Gujarat,Ahmedabad,"Chandkheda, Ahmedabad - IITM",2025-11-24 19:00:00,23.107969,72.574648,28.0,5.0,157.0,97.0,143.0,113.0,18.0,7,2025-11-24 19:00:00,19,0,364.85207100591714,157.0,Very Poor
India,Gujarat,Ahmedabad,"Gyaspur, Ahmedabad - IITM",2025-11-24 19:00:00,22.977134,72.553024,68.0,9.0,89.0,33.0,162.0,118.0,22.0,7,2025-11-24 19:00:00,19,0,293.17241379310343,162.0,Poor
India,Gujarat,Ahmedabad,"Maninagar, Ahmedabad - GPCB",2025-11-24 19:00:00,23.002657,72.591912,38.0,,24.0,51.0,86.0,22.0,51.0,6,2025-11-24 19:00:00,19,0,425.75,86.0,Severe
India,Gujarat,Ahmedabad,"Raikhad, Ahmedabad - IITM",2025-11-24 19:00:00,23.020509,72.579261,27.0,6.0,26.0,69.0,201.0,260.0,20.0,7,2025-11-24 19:00:00,19,0,402.8,260.0,Severe
India,Gujarat,Ahmedabad,"Rakhial, Ahmedabad - IITM",2025-11-24 19:00:00,23.016834,72.625775,52.0,4.0,37.0,59.0,141.0,231.0,34.0,7,2025-11-24 19:00:00,19,0,385.4186046511628,231.0,Very Poor
India,Gujarat,Ahmedabad,"SAC ISRO Bopal, Ahmedabad - IITM",2025-11-24 19:00:00,23.041137,72.456691,24.0,12.0,36.0,46.0,137.0,119.0,4.0,7,2025-11-24 19:00:00,19,0,341.42011834319527,137.0,Very Poor
India,Gujarat,Ahmedabad,"SAC ISRO Satellite, Ahmedabad - IITM",2025-11-24 19:00:00,23.023389,72.515201,38.0,,,47.0,,,,2,2025-11-24 19:00:00,19,0,425.75,47.0,Severe
India,Gujarat,Ahmedabad,"SVPI Airport Hansol, Ahmedabad - IITM",2025-11-24 19:00:00,23.076793,72.627874,38.0,,57.0,29.0,200.0,161.0,10.0,6,2025-11-24 19:00:00,19,0,425.75,200.0,Severe
India,Gujarat,Ankleshwar,"GIDC, Ankleshwar - GPCB",2025-11-24 19:00:00,21.613267,73.010555,65.0,8.0,22.0,43.0,153.0,267.0,30.0,7,2025-11-24 19:00:00,19,0,404.06,267.0,Severe
India,Gujarat,Gandhinagar,"IIPHG Lekawada, Gandhinagar - IITM",2025-11-24 19:00:00,23.243639,72.68994,21.0,2.0,9.0,41.0,121.0,136.0,5.0,7,2025-11-24 19:00:00,19,0,323.8461538461538,136.0,Very Poor
India,Gujarat,Gandhinagar,"Sector-10, Gandhinagar - GPCB",2025-11-24 19:00:00,23.221714,72.654328,34.0,2.0,25.0,57.0,91.0,87.0,11.0,7,2025-11-24 19:00:00,19,0,400.0,91.0,Very Poor
India,Gujarat,Nandesari,"GIDC, Nandesari - Nandesari Ind. Association",2025-11-24 19:00:00,22.410802,73.097923,,,21.0,,166.0,260.0,,3,2025-11-24 19:00:00,19,0,402.8,260.0,Severe
India,Gujarat,Surat,"Science Center, Surat - SMC",2025-11-24 19:00:00,21.170046,72.795405,41.0,,8.0,,177.0,61.0,30.0,5,2025-11-24 19:00:00,19,0,444.3125,177.0,Severe
India,Gujarat,Vapi,"Phase-1 GIDC, Vapi - GPCB",2025-11-24 19:00:00,20.362421,72.918013,,,,16.0,,,,1,2025-11-24 19:00:00,19,0,16.0,16.0,Good
India,Gujarat,Vatva,"Phase-4 GIDC, Vatva - GPCB",2025-11-24 19:00:00,22.969611,72.6435,14.0,8.0,48.0,58.0,121.0,178.0,35.0,7,2025-11-24 19:00:00,19,0,344.74418604651163,178.0,Very Poor
India,Haryana,Ambala,"Patti Mehar, Ambala - HSPCB",2025-11-24 19:00:00,30.379589,76.778328,100.0,10.0,22.0,51.0,147.0,238.0,31.0,7,2025-11-24 19:00:00,19,0,390.7906976744186,238.0,Very Poor
India,Haryana,Bahadurgarh,"Arya Nagar, Bahadurgarh - HSPCB",2025-11-24 19:00:00,28.6701,76.9254,48.0,13.0,13.0,18.0,,305.0,7.0,6,2025-11-24 19:00:00,19,0,487.625,305.0,Severe
India,Haryana,Ballabgarh,"Nathu Colony, Ballabgarh - HSPCB",2025-11-24 19:00:00,28.3419248,77.319699,36.0,,,15.0,,,,2,2025-11-24 19:00:00,19,0,413.375,36.0,Severe
India,Haryana,Bhiwani,"H.B. Colony, Bhiwani - HSPCB",2025-11-24 19:00:00,28.806223,76.141105,11.0,8.0,32.0,13.0,156.0,311.0,12.0,7,2025-11-24 19:00:00,19,0,411.98,311.0,Severe
India,Haryana,Charkhi Dadri,"Mini Secretariat, Charkhi Dadri - HSPCB",2025-11-24 19:00:00,28.593883,76.270653,14.0,6.0,16.0,15.0,236.0,362.0,10.0,7,2025-11-24 19:00:00,19,0,421.16,362.0,Severe
India,Haryana,Dharuhera,"Municipal Corporation Office, Dharuhera -  HSPCB",2025-11-24 19:00:00,28.2068,76.7997,78.0,19.0,38.0,35.0,240.0,310.0,15.0,7,2025-11-24 19:00:00,19,0,411.8,310.0,Severe
India,Haryana,Faridabad,"New Industrial Town, Faridabad - HSPCB",2025-11-24 19:00:00,28.39072,77.30059,11.0,11.0,25.0,29.0,168.0,232.0,8.0,7,2025-11-24 19:00:00,19,0,386.1860465116279,232.0,Very Poor
India,Haryana,Faridabad,"Sector 11, Faridabad - HSPCB",2025-11-24 19:00:00,28.376058,77.315741,30.0,,22.0,83.0,143.0,242.0,20.0,6,2025-11-24 19:00:00,19,0,393.8604651162791,242.0,Very Poor
India,Haryana,Faridabad,"Sector 30, Faridabad - HSPCB",2025-11-24 19:00:00,28.4417,77.3217,61.0,11.0,37.0,18.0,153.0,215.0,6.0,7,2025-11-24 19:00:00,19,0,373.1395348837209,215.0,Very Poor
India,Haryana,Fatehabad,"Huda Sector, Fatehabad - HSPCB",2025-11-24 19:00:00,29.503664,75.467934,27.0,14.0,19.0,28.0,131.0,119.0,12.0,7,2025-11-24 19:00:00,19,0,358.9940828402367,131.0,Very Poor
India,Haryana,Gurugram,"NISE Gwal Pahari, Gurugram - IMD",2025-11-24 19:00:00,28.422681,77.148944,65.0,,23.0,60.0,293.0,351.0,,5,2025-11-24 19:00:00,19,0,419.18,351.0,Severe
India,Haryana,Gurugram,"Sector-51, Gurugram - HSPCB",2025-11-24 19:00:00,28.4227,77.0667,23.0,8.0,6.0,38.0,217.0,272.0,27.0,7,2025-11-24 19:00:00,19,0,404.96,272.0,Severe
India,Haryana,Gurugram,"Teri Gram, Gurugram - HSPCB",2025-11-24 19:00:00,28.4275,77.1465,32.0,,16.0,87.0,142.0,221.0,23.0,6,2025-11-24 19:00:00,19,0,388.28402366863907,221.0,Very Poor
India,Haryana,Gurugram,"Vikas Sadan, Gurugram - HSPCB",2025-11-24 19:00:00,28.4501238,77.0263051,113.0,,26.0,43.0,194.0,327.0,5.0,6,2025-11-24 19:00:00,19,0,414.86,327.0,Severe
India,Haryana,Hisar,"Urban Estate-II, Hisar - HSPCB",2025-11-24 19:00:00,29.14056,75.744941,58.0,6.0,15.0,90.0,172.0,133.0,11.0,7,2025-11-24 19:00:00,19,0,310.2093023255814,172.0,Very Poor
India,Haryana,Jind,"Police Lines, Jind - HSPCB",2025-11-24 19:00:00,29.307814,76.337619,55.0,2.0,47.0,105.0,150.0,284.0,9.0,7,2025-11-24 19:00:00,19,0,407.12,284.0,Severe
India,Haryana,Kaithal,"Rishi Nagar, Kaithal - HSPCB",2025-11-24 19:00:00,29.8006,76.4155,32.0,6.0,31.0,24.0,151.0,182.0,31.0,7,2025-11-24 19:00:00,19,0,388.28402366863907,182.0,Very Poor
India,Haryana,Karnal,"Sector-12, Karnal - HSPCB",2025-11-24 19:00:00,29.6953,77.0027,41.0,7.0,10.0,41.0,160.0,224.0,17.0,7,2025-11-24 19:00:00,19,0,444.3125,224.0,Severe
India,Haryana,Kurukshetra,"Sector-7, Kurukshetra - HSPCB",2025-11-24 19:00:00,29.966942,76.875879,38.0,5.0,19.0,60.0,162.0,247.0,10.0,7,2025-11-24 19:00:00,19,0,425.75,247.0,Severe
India,Haryana,Mandikhera,"General Hospital, Mandikhera - HSPCB",2025-11-24 19:00:00,27.9002,76.9938,73.0,13.0,22.0,28.0,113.0,139.0,34.0,7,2025-11-24 19:00:00,19,0,314.8139534883721,139.0,Very Poor
India,Haryana,Manesar,"Sector-2 IMT, Manesar - HSPCB",2025-11-24 19:00:00,28.360699,76.93609,41.0,17.0,60.0,34.0,262.0,349.0,12.0,7,2025-11-24 19:00:00,19,0,444.3125,349.0,Severe
India,Haryana,Narnaul,"Shastri Nagar, Narnaul - HSPCB",2025-11-24 19:00:00,28.060249,76.113115,34.0,17.0,84.0,7.0,130.0,214.0,7.0,7,2025-11-24 19:00:00,19,0,400.0,214.0,Very Poor
India,Haryana,Palwal,"Shyam Nagar, Palwal - HSPCB",2025-11-24 19:00:00,28.1485564,77.3320667,32.0,9.0,24.0,24.0,73.0,61.0,12.0,7,2025-11-24 19:00:00,19,0,388.28402366863907,73.0,Very Poor
India,Haryana,Panchgaon,"Amity University, Panchgaon - IITM",2025-11-24 19:00:00,28.3153,76.9143,,,,118.0,,,,1,2025-11-24 19:00:00,19,0,126.11940298507463,118.0,Moderate
India,Haryana,Panchkula,"Sector-6, Panchkula - HSPCB ",2025-11-24 19:00:00,30.7057778,76.85318056,22.0,,25.0,25.0,,187.0,9.0,5,2025-11-24 19:00:00,19,0,351.6511627906977,187.0,Very Poor
India,Haryana,Panipat,"Sector-18, Panipat - HSPCB",2025-11-24 19:00:00,29.432304,76.972765,42.0,,20.0,30.0,,182.0,5.0,5,2025-11-24 19:00:00,19,0,450.5,182.0,Severe
India,Haryana,Rohtak,"MD University, Rohtak - HSPCB",2025-11-24 19:00:00,28.52123,76.37138,64.0,,5.0,13.0,104.0,163.0,5.0,6,2025-11-24 19:00:00,19,0,333.2325581395349,163.0,Very Poor
India,Haryana,Sirsa,"F-Block, Sirsa - HSPCB",2025-11-24 19:00:00,29.5364,75.0158,48.0,14.0,23.0,63.0,71.0,62.0,13.0,7,2025-11-24 19:00:00,19,0,487.625,71.0,Severe
India,Haryana,Sonipat,"Murthal, Sonipat - HSPCB",2025-11-24 19:00:00,29.0272,77.0621,32.0,20.0,43.0,26.0,227.0,302.0,9.0,7,2025-11-24 19:00:00,19,0,410.36,302.0,Severe
India,Haryana,Yamuna Nagar,"Gobind Pura, Yamuna Nagar - HSPCB",2025-11-24 19:00:00,30.1480566,77.2893471,56.0,4.0,16.0,38.0,169.0,295.0,12.0,7,2025-11-24 19:00:00,19,0,409.1,295.0,Severe
India,Himachal Pradesh,Baddi,"HIMUDA Complex Phase-1, Baddi - HPPCB",2025-11-24 19:00:00,30.943887,76.801991,61.0,6.0,69.0,128.0,169.0,173.0,48.0,7,2025-11-24 19:00:00,19,0,340.90697674418607,173.0,Very Poor
India,Jammu_and_Kashmir,Srinagar,"Rajbagh, Srinagar - JKSPCB",2025-11-24 19:00:00,34.066206,74.81982,16.0,,,10.0,114.0,101.0,3.0,5,2025-11-24 19:00:00,19,0,285.6521739130435,114.0,Poor
India,Jharkhand,Dhanbad,"Sardar Patel Nagar, Dhanbad - JSPCB",2025-11-24 19:00:00,23.80569,86.44268,4.0,,89.0,25.0,162.0,,56.0,5,2025-11-24 19:00:00,19,0,141.53020134228188,162.0,Moderate
India,Karnataka,Bagalkot,"Vidayagiri, Bagalkot - KSPCB",2025-11-24 19:00:00,16.172806,75.659694,,1.0,12.0,16.0,54.0,35.0,7.0,6,2025-11-24 19:00:00,19,0,57.758620689655174,54.0,Satisfactory
India,Karnataka,Belgaum,"Ramteerth Nagar, Belgaum - KSPCB",2025-11-24 19:00:00,15.888653,74.541751,14.0,,,19.0,,,,2,2025-11-24 19:00:00,19,0,256.95652173913044,19.0,Poor
India,Karnataka,Bengaluru,"BWSSB Kadabesanahalli, Bengaluru - CPCB",2025-11-24 19:00:00,12.9352049,77.6814488,77.0,1.0,14.0,24.0,94.0,,6.0,6,2025-11-24 19:00:00,19,0,94.0,94.0,Satisfactory
India,Karnataka,Bengaluru,"City Railway Station, Bengaluru - KSPCB",2025-11-24 19:00:00,12.9756843,77.5660749,87.0,,,,,,,1,2025-11-24 19:00:00,19,0,,87.0,Unknown
India,Karnataka,Bengaluru,"Hombegowda Nagar, Bengaluru - KSPCB",2025-11-24 19:00:00,12.938539,77.5901,17.0,2.0,17.0,19.0,36.0,17.0,14.0,7,2025-11-24 19:00:00,19,0,300.0,36.0,Poor
India,Karnataka,Bengaluru,"Jayanagar 5th Block, Bengaluru - KSPCB",2025-11-24 19:00:00,12.920984,77.584908,33.0,1.0,21.0,24.0,39.0,24.0,10.0,7,2025-11-24 19:00:00,19,0,394.14201183431953,39.0,Very Poor
India,Karnataka,Bengaluru,"Jigani, Bengaluru - KSPCB",2025-11-24 19:00:00,12.7816279,77.6299145,34.0,4.0,23.0,18.0,51.0,42.0,18.0,7,2025-11-24 19:00:00,19,0,400.0,51.0,Very Poor
India,Karnataka,Bengaluru,"Peenya, Bengaluru - CPCB",2025-11-24 19:00:00,13.0270199,77.494094,39.0,6.0,28.0,22.0,69.0,26.0,10.0,7,2025-11-24 19:00:00,19,0,431.9375,69.0,Severe
India,Karnataka,Bengaluru,"RVCE-Mailasandra, Bengaluru - KSPCB",2025-11-24 19:00:00,12.921418,77.502466,29.0,4.0,23.0,,66.0,50.0,6.0,6,2025-11-24 19:00:00,19,0,370.7100591715976,66.0,Very Poor
India,Karnataka,Bengaluru,"Silk Board, Bengaluru - KSPCB",2025-11-24 19:00:00,12.917348,77.622813,40.0,2.0,10.0,12.0,38.0,31.0,9.0,7,2025-11-24 19:00:00,19,0,438.125,40.0,Severe
India,Karnataka,Chamarajanagar,"Urban, Chamarajanagar - KSPCB",2025-11-24 19:00:00,11.55358,76.55521,23.0,2.0,21.0,33.0,43.0,30.0,4.0,7,2025-11-24 19:00:00,19,0,335.5621301775148,43.0,Very Poor
India,Karnataka,Chikkamagaluru,"Kalyana Nagara, Chikkamagaluru - KSPCB",2025-11-24 19:00:00,13.328028,75.797056,21.0,2.0,20.0,44.0,25.0,12.0,6.0,7,2025-11-24 19:00:00,19,0,323.8461538461538,44.0,Very Poor
India,Karnataka,Davanagere,"Devaraj Urs Badavane, Davanagere - KSPCB",2025-11-24 19:00:00,14.4758,75.9052,26.0,3.0,22.0,20.0,,18.0,4.0,6,2025-11-24 19:00:00,19,0,353.1360946745562,26.0,Very Poor
India,Karnataka,Dharwad,"Kalabhavan, Dharwad - KSPCB",2025-11-24 19:00:00,15.459706,75.008381,51.0,6.0,25.0,27.0,80.0,61.0,3.0,7,2025-11-24 19:00:00,19,0,101.0,80.0,Moderate
India,Karnataka,Gadag,"Panchal Nagar, Gadag - KSPCB",2025-11-24 19:00:00,15.411456,75.638133,,,,31.0,,,,1,2025-11-24 19:00:00,19,0,31.0,31.0,Good
India,Karnataka,Hubballi,"Lingaraj Nagar, Hubballi - KSPCB",2025-11-24 19:00:00,15.3714823,75.1160168,17.0,1.0,8.0,15.0,55.0,38.0,1.0,7,2025-11-24 19:00:00,19,0,300.0,55.0,Poor
India,Karnataka,Kalaburagi,"Lal Bahadur Shastri Nagar, Kalaburagi - KSPCB",2025-11-24 19:00:00,17.321993,76.822628,32.0,1.0,12.0,20.0,68.0,58.0,61.0,7,2025-11-24 19:00:00,19,0,388.28402366863907,68.0,Very Poor
India,Karnataka,Kalaburagi,"Mahatma Basaveswar Colony, Kalaburgi - KSPCB",2025-11-24 19:00:00,17.336318,76.847397,44.0,3.0,14.0,18.0,46.0,34.0,5.0,7,2025-11-24 19:00:00,19,0,462.875,46.0,Severe
India,Karnataka,Koppal,"Diwator Nagar, Koppal - KSPCB",2025-11-24 19:00:00,15.34763,76.181767,27.0,7.0,29.0,10.0,,25.0,26.0,6,2025-11-24 19:00:00,19,0,358.9940828402367,29.0,Very Poor
India,Karnataka,Madikeri,"Stuart Hill, Madikeri - KSPCB",2025-11-24 19:00:00,12.415911,75.73505,,,,5.0,27.0,36.0,7.0,4,2025-11-24 19:00:00,19,0,59.44827586206897,36.0,Satisfactory
India,Karnataka,Mangalore,"Kadri, Mangalore - KSPCB",2025-11-24 19:00:00,12.88925,74.853,,3.0,11.0,26.0,14.0,13.0,15.0,6,2025-11-24 19:00:00,19,0,26.0,26.0,Good
India,Karnataka,Mysuru,"Hebbal 1st Stage, Mysuru - KSPCB",2025-11-24 19:00:00,12.21041,76.37376,12.0,5.0,22.0,40.0,41.0,12.0,5.0,7,2025-11-24 19:00:00,19,0,228.2608695652174,41.0,Poor
India,Karnataka,Shivamogga,"Vinoba Nagara, Shivamogga - KSPCB",2025-11-24 19:00:00,13.94,75.555917,20.0,4.0,17.0,47.0,34.0,28.0,4.0,7,2025-11-24 19:00:00,19,0,317.98816568047334,47.0,Very Poor
India,Karnataka,Vijayapura,"Ibrahimpur, Vijayapura - KSPCB",2025-11-24 19:00:00,16.802639,75.722694,23.0,1.0,11.0,16.0,43.0,30.0,,6,2025-11-24 19:00:00,19,0,335.5621301775148,43.0,Very Poor
India,Karnataka,Yadgir,"Collector Office, Yadgir - KSPCB",2025-11-24 19:00:00,16.7602,77.1428,22.0,2.0,31.0,19.0,58.0,53.0,11.0,7,2025-11-24 19:00:00,19,0,329.70414201183434,58.0,Very Poor
India,Kerala,Eloor,"Udyogamandal, Eloor - Kerala PCB",2025-11-24 19:00:00,10.073232,76.302765,59.0,,,12.0,,,,2,2025-11-24 19:00:00,19,0,12.0,59.0,Good
India,Kerala,Kannur,"Thavakkara, Kannur - Kerala PCB",2025-11-24 19:00:00,11.875,75.3732,15.0,2.0,17.0,29.0,52.0,48.0,5.0,7,2025-11-24 19:00:00,19,0,271.30434782608694,52.0,Poor
India,Kerala,Kollam,"Polayathode, Kollam - Kerala PCB",2025-11-24 19:00:00,8.8787,76.6073,16.0,1.0,9.0,32.0,34.0,19.0,2.0,7,2025-11-24 19:00:00,19,0,285.6521739130435,34.0,Poor
India,Kerala,Thiruvananthapuram,"Kariavattom, Thiruvananthapuram - Kerala PCB",2025-11-24 19:00:00,8.5637,76.8865,34.0,,7.0,36.0,55.0,34.0,8.0,6,2025-11-24 19:00:00,19,0,400.0,55.0,Very Poor
India,Kerala,Thiruvananthapuram,"Plammoodu, Thiruvananthapuram - Kerala PCB",2025-11-24 19:00:00,8.5149093,76.9435879,23.0,2.0,28.0,17.0,11.0,8.0,17.0,7,2025-11-24 19:00:00,19,0,335.5621301775148,28.0,Very Poor
India,Kerala,Thrissur,"Corporation Ground, Thrissur - Kerala PCB",2025-11-24 19:00:00,10.5324,76.2159,30.0,,,30.0,,,,2,2025-11-24 19:00:00,19,0,376.56804733727813,30.0,Very Poor
India,Madhya Pradesh,Bhopal,"Idgah Hills, Bhopal - MPPCB",2025-11-24 19:00:00,23.264759,77.381568,40.0,1.0,36.0,80.0,228.0,294.0,13.0,7,2025-11-24 19:00:00,19,0,438.125,294.0,Severe
India,Madhya Pradesh,Bhopal,"Paryavaran Parisar, Bhopal - MPPCB",2025-11-24 19:00:00,23.210494,77.425409,43.0,9.0,74.0,43.0,262.0,256.0,8.0,7,2025-11-24 19:00:00,19,0,456.6875,262.0,Severe
India,Madhya Pradesh,Bhopal,"T T Nagar, Bhopal - MPPCB",2025-11-24 19:00:00,23.233584,77.400574,40.0,7.0,66.0,135.0,220.0,330.0,10.0,7,2025-11-24 19:00:00,19,0,438.125,330.0,Severe
India,Madhya Pradesh,Dewas,"Bhopal Chauraha, Dewas - MPPCB",2025-11-24 19:00:00,22.9682591,76.064118,34.0,3.0,8.0,28.0,165.0,293.0,50.0,7,2025-11-24 19:00:00,19,0,408.74,293.0,Severe
India,Madhya Pradesh,Gwalior,"City Center, Gwalior - MPPCB",2025-11-24 19:00:00,26.203442,78.193251,33.0,3.0,58.0,65.0,127.0,166.0,13.0,7,2025-11-24 19:00:00,19,0,394.14201183431953,166.0,Very Poor
India,Madhya Pradesh,Gwalior,"Deen Dayal Nagar, Gwalior - MPPCB",2025-11-24 19:00:00,26.259242,78.216432,54.0,9.0,76.0,114.0,181.0,233.0,14.0,7,2025-11-24 19:00:00,19,0,386.95348837209303,233.0,Very Poor
India,Madhya Pradesh,Gwalior,"Maharaj Bada, Gwalior - MPPCB",2025-11-24 19:00:00,26.200388,78.147714,48.0,4.0,72.0,47.0,139.0,187.0,9.0,7,2025-11-24 19:00:00,19,0,487.625,187.0,Severe
India,Madhya Pradesh,Indore,"Airport Area, Indore - IMC",2025-11-24 19:00:00,22.7289,75.8076,7.0,,2.0,9.0,,104.0,21.0,5,2025-11-24 19:00:00,19,0,245.3793103448276,104.0,Poor
India,Madhya Pradesh,Indore,"Chhoti Gwaltoli, Indore - MPPCB",2025-11-24 19:00:00,22.431,75.5213,56.0,,132.0,66.0,162.0,241.0,11.0,6,2025-11-24 19:00:00,19,0,393.09302325581393,241.0,Very Poor
India,Madhya Pradesh,Indore,"Maguda Nagar, Indore - IMC",2025-11-24 19:00:00,22.7524,75.8872,28.0,,,13.0,,,,2,2025-11-24 19:00:00,19,0,364.85207100591714,28.0,Very Poor
India,Madhya Pradesh,Indore,"Regional Park, Indore - IMC",2025-11-24 19:00:00,22.678,75.8559,31.0,,7.0,15.0,,,25.0,4,2025-11-24 19:00:00,19,0,382.4260355029586,31.0,Very Poor
India,Madhya Pradesh,Indore,"Residency Area, Indore - IMC",2025-11-24 19:00:00,22.7084,75.8815,18.0,,16.0,15.0,87.0,82.0,28.0,6,2025-11-24 19:00:00,19,0,306.2721893491124,87.0,Very Poor
India,Madhya Pradesh,Jabalpur,"Govindh Bhavan Colony, Jabalpur - JMC",2025-11-24 19:00:00,23.163174,79.973061,50.0,1.0,21.0,57.0,94.0,112.0,14.0,7,2025-11-24 19:00:00,19,0,500.0,112.0,Severe
India,Madhya Pradesh,Jabalpur,"Gupteshwar, Jabalpur - JMC",2025-11-24 19:00:00,23.142888,79.916147,67.0,12.0,45.0,75.0,123.0,137.0,8.0,7,2025-11-24 19:00:00,19,0,313.27906976744185,137.0,Very Poor
India,Madhya Pradesh,Jabalpur,"Marhatal, Jabalpur - MPPCB",2025-11-24 19:00:00,23.168606,79.932247,57.0,5.0,50.0,102.0,129.0,201.0,34.0,7,2025-11-24 19:00:00,19,0,362.3953488372093,201.0,Very Poor
India,Madhya Pradesh,Jabalpur,"Suhagi, Jabalpur - JMC",2025-11-24 19:00:00,23.218135,79.95777,46.0,5.0,63.0,52.0,133.0,179.0,7.0,7,2025-11-24 19:00:00,19,0,475.25,179.0,Severe
India,Madhya Pradesh,Katni,"Gole Bazar, Katni - MPPCB",2025-11-24 19:00:00,23.50016,80.23284,48.0,5.0,30.0,119.0,144.0,173.0,26.0,7,2025-11-24 19:00:00,19,0,487.625,173.0,Severe
India,Madhya Pradesh,Maihar,"Sahilara, Maihar - KJS Cements",2025-11-24 19:00:00,24.2613009,80.7231783,39.0,,51.0,,102.0,48.0,17.0,5,2025-11-24 19:00:00,19,0,431.9375,102.0,Severe
India,Madhya Pradesh,Mandideep,"Sector-D Industrial Area, Mandideep - MPPCB",2025-11-24 19:00:00,23.10844,77.511428,38.0,4.0,143.0,79.0,166.0,293.0,54.0,7,2025-11-24 19:00:00,19,0,425.75,293.0,Severe
India,Madhya Pradesh,Pithampur,"Sector-2 Industrial Area, Pithampur - MPPCB",2025-11-24 19:00:00,22.624758,75.675238,39.0,,,42.0,,,,2,2025-11-24 19:00:00,19,0,431.9375,42.0,Severe
India,Madhya Pradesh,Ratlam,"Shasthri Nagar, Ratlam - IPCA Lab",2025-11-24 19:00:00,23.331731,75.045981,,,20.0,,186.0,178.0,,3,2025-11-24 19:00:00,19,0,344.74418604651163,186.0,Very Poor
India,Madhya Pradesh,Sagar,"Civil Lines, Sagar - MPPCB",2025-11-24 19:00:00,23.838586,78.759431,47.0,1.0,22.0,57.0,137.0,254.0,7.0,7,2025-11-24 19:00:00,19,0,481.4375,254.0,Severe
India,Madhya Pradesh,Sagar,"Deen Dayal Nagar, Sagar - MPPCB",2025-11-24 19:00:00,23.8640158,78.80289321,58.0,,18.0,,113.0,112.0,8.0,5,2025-11-24 19:00:00,19,0,272.6896551724138,113.0,Poor
India,Madhya Pradesh,Satna,"Bandhavgar Colony, Satna - Birla Cement",2025-11-24 19:00:00,24.58434363,80.8549414,30.0,,12.0,22.0,64.0,46.0,19.0,6,2025-11-24 19:00:00,19,0,376.56804733727813,64.0,Very Poor
India,Madhya Pradesh,Singrauli,"Suryakiran Bhawan NCL, Singrauli - MPPCB",2025-11-24 19:00:00,24.10897,82.64558,59.0,13.0,82.0,40.0,300.0,322.0,30.0,7,2025-11-24 19:00:00,19,0,413.96,322.0,Severe
India,Maharashtra,Ahmednagar,"Tarakpur, Ahmednagar - MPCB",2025-11-24 19:00:00,19.10122,74.73339,54.0,6.0,21.0,57.0,70.0,53.0,6.0,7,2025-11-24 19:00:00,19,0,88.17241379310346,70.0,Satisfactory
India,Maharashtra,Akola,"Ramdaspeth, Akola - MPCB",2025-11-24 19:00:00,20.719516,77.000253,23.0,5.0,21.0,37.0,85.0,56.0,15.0,7,2025-11-24 19:00:00,19,0,335.5621301775148,85.0,Very Poor
India,Maharashtra,Amravati,"Shivneri Colony, Amravati - MPCB",2025-11-24 19:00:00,20.9402359,77.7895248,25.0,2.0,14.0,64.0,93.0,80.0,20.0,7,2025-11-24 19:00:00,19,0,347.27810650887574,93.0,Very Poor
India,Maharashtra,Amravati,"Shri Shivaji Science College, Amravati - MPCB",2025-11-24 19:00:00,20.939198,77.765701,46.0,3.0,23.0,71.0,101.0,,30.0,6,2025-11-24 19:00:00,19,0,475.25,101.0,Severe
India,Maharashtra,Aurangabad,"MIDC Chilkalthana, Aurangabad - MPCB",2025-11-24 19:00:00,19.87562,75.38731,10.0,2.0,41.0,39.0,82.0,56.0,1.0,7,2025-11-24 19:00:00,19,0,200.0,82.0,Moderate
India,Maharashtra,Aurangabad,"More Chowk Waluj, Aurangabad - MPCB",2025-11-24 19:00:00,19.8389439,75.244448,29.0,11.0,20.0,27.0,82.0,101.0,16.0,7,2025-11-24 19:00:00,19,0,370.7100591715976,101.0,Very Poor
India,Maharashtra,Aurangabad,"Rachnakar Colony, Aurangabad - MPCB",2025-11-24 19:00:00,19.863756,75.321188,17.0,3.0,16.0,45.0,125.0,109.0,19.0,7,2025-11-24 19:00:00,19,0,300.0,125.0,Poor
India,Maharashtra,Badlapur,"Katrap, Badlapur - MPCB",2025-11-24 19:00:00,19.16485,73.23409,38.0,5.0,23.0,73.0,137.0,130.0,9.0,7,2025-11-24 19:00:00,19,0,425.75,137.0,Severe
India,Maharashtra,Belapur,"CBD Belapur, Belapur - MPCB",2025-11-24 19:00:00,19.0243902,73.0406721,31.0,5.0,11.0,44.0,163.0,208.0,17.0,7,2025-11-24 19:00:00,19,0,382.4260355029586,208.0,Very Poor
India,Maharashtra,Bhiwandi,"Gokul Nagar, Bhiwandi - MPCB",2025-11-24 19:00:00,19.309073,73.057223,29.0,5.0,24.0,84.0,143.0,148.0,11.0,7,2025-11-24 19:00:00,19,0,370.7100591715976,148.0,Very Poor
India,Maharashtra,Boisar,"Khaira, Boisar - MPCB",2025-11-24 19:00:00,19.786089,72.757971,40.0,8.0,38.0,45.0,145.0,228.0,20.0,7,2025-11-24 19:00:00,19,0,438.125,228.0,Severe
India,Maharashtra,Chandrapur,"Chauhan Colony, Chandrapur - MPCB",2025-11-24 19:00:00,19.9629,79.298714,32.0,2.0,32.0,20.0,126.0,57.0,30.0,7,2025-11-24 19:00:00,19,0,388.28402366863907,126.0,Very Poor
India,Maharashtra,Chandrapur,"MIDC Khutala, Chandrapur - MPCB",2025-11-24 19:00:00,19.9775302,79.2337086,39.0,6.0,25.0,18.0,165.0,184.0,9.0,7,2025-11-24 19:00:00,19,0,431.9375,184.0,Severe
India,Maharashtra,Dhule,"Deopur, Dhule - MPCB",2025-11-24 19:00:00,20.918946,74.776388,33.0,2.0,23.0,49.0,84.0,70.0,10.0,7,2025-11-24 19:00:00,19,0,394.14201183431953,84.0,Very Poor
India,Maharashtra,Jalgaon,"Prabhat Colony, Jalgaon - MPCB",2025-11-24 19:00:00,21.001264,75.565602,22.0,2.0,8.0,68.0,102.0,74.0,5.0,7,2025-11-24 19:00:00,19,0,329.70414201183434,102.0,Very Poor
India,Maharashtra,Jalna,"Old MIDC, Jalna - MPCB",2025-11-24 19:00:00,19.854616,75.905894,24.0,,,61.0,,,,2,2025-11-24 19:00:00,19,0,341.42011834319527,61.0,Very Poor
India,Maharashtra,Kalyan,"Khadakpada, Kalyan - MPCB",2025-11-24 19:00:00,19.25292,73.142019,75.0,,,9.0,,,,2,2025-11-24 19:00:00,19,0,9.0,75.0,Good
India,Maharashtra,Kalyan,"Pimpleshwar Mandir, Kalyan - MPCB",2025-11-24 19:00:00,19.192056,72.9585188,45.0,2.0,10.0,100.0,154.0,,16.0,6,2025-11-24 19:00:00,19,0,469.0625,154.0,Severe
India,Maharashtra,Kolhapur,"Shivaji University, Kolhapur - MPCB",2025-11-24 19:00:00,16.6870449,74.2505872,13.0,3.0,46.0,26.0,104.0,103.0,5.0,7,2025-11-24 19:00:00,19,0,242.6086956521739,104.0,Poor
India,Maharashtra,Kolhapur,"Sinchan Bhavan, Kolhapur - MPCB",2025-11-24 19:00:00,16.7143745,74.2426398,45.0,,,15.0,,,,2,2025-11-24 19:00:00,19,0,469.0625,45.0,Severe
India,Maharashtra,Latur,"Sawe Wadi, Latur - MPCB",2025-11-24 19:00:00,18.39963,76.57452,25.0,14.0,45.0,79.0,80.0,83.0,4.0,7,2025-11-24 19:00:00,19,0,347.27810650887574,83.0,Very Poor
India,Maharashtra,Mahad,"Kamble Tarf Birwadi, Mahad - MPCB",2025-11-24 19:00:00,18.1023399,73.4783687,10.0,,,63.0,,,,2,2025-11-24 19:00:00,19,0,200.0,63.0,Moderate
India,Maharashtra,Malegaon,"Mahesh Nagar, Malegaon - MPCB",2025-11-24 19:00:00,20.555712,74.529236,49.0,1.0,39.0,63.0,80.0,50.0,11.0,7,2025-11-24 19:00:00,19,0,493.8125,80.0,Severe
India,Maharashtra,Mira-Bhayandar,"Bhayandar West, Mira-Bhayandar - MPCB",2025-11-24 19:00:00,19.296481,72.840923,39.0,5.0,38.0,126.0,121.0,160.0,4.0,7,2025-11-24 19:00:00,19,0,431.9375,160.0,Severe
India,Maharashtra,Mumbai,"Bandra Kurla Complex, Mumbai - MPCB",2025-11-24 19:00:00,19.065931,72.862131,24.0,14.0,62.0,66.0,143.0,106.0,3.0,7,2025-11-24 19:00:00,19,0,341.42011834319527,143.0,Very Poor
India,Maharashtra,Mumbai,"Borivali East, Mumbai - IITM",2025-11-24 19:00:00,19.23241,72.86895,62.0,8.0,73.0,117.0,172.0,194.0,,6,2025-11-24 19:00:00,19,0,357.0232558139535,194.0,Very Poor
India,Maharashtra,Mumbai,"Borivali East, Mumbai - MPCB",2025-11-24 19:00:00,19.2243333,72.8658113,2.0,,7.0,,,,,2,2025-11-24 19:00:00,19,0,100.0,7.0,Satisfactory
India,Maharashtra,Mumbai,"Byculla, Mumbai - BMC",2025-11-24 19:00:00,18.9767,72.838,40.0,25.0,100.0,32.0,,,18.0,5,2025-11-24 19:00:00,19,0,438.125,100.0,Severe
India,Maharashtra,Mumbai,"Chakala-Andheri East, Mumbai - IITM",2025-11-24 19:00:00,19.11074,72.86084,52.0,25.0,113.0,70.0,162.0,260.0,12.0,7,2025-11-24 19:00:00,19,0,402.8,260.0,Severe
India,Maharashtra,Mumbai,"Chembur, Mumbai - MPCB",2025-11-24 19:00:00,19.0364585,72.8954371,34.0,6.0,67.0,85.0,136.0,130.0,4.0,7,2025-11-24 19:00:00,19,0,400.0,136.0,Very Poor
India,Maharashtra,Mumbai,"Chhatrapati Shivaji Intl. Airport (T2), Mumbai - MPCB",2025-11-24 19:00:00,19.10078,72.87462,16.0,,,7.0,,,,2,2025-11-24 19:00:00,19,0,285.6521739130435,16.0,Poor
India,Maharashtra,Mumbai,"Colaba, Mumbai - MPCB",2025-11-24 19:00:00,18.91,72.82,29.0,3.0,30.0,11.0,,,,4,2025-11-24 19:00:00,19,0,370.7100591715976,30.0,Very Poor
India,Maharashtra,Mumbai,"Deonar, Mumbai - IITM",2025-11-24 19:00:00,19.04946,72.923,59.0,15.0,41.0,32.0,270.0,223.0,6.0,7,2025-11-24 19:00:00,19,0,379.27906976744185,270.0,Very Poor
India,Maharashtra,Mumbai,"Ghatkopar, Mumbai - BMC",2025-11-24 19:00:00,19.083694,72.920967,33.0,4.0,55.0,105.0,143.0,98.0,4.0,7,2025-11-24 19:00:00,19,0,394.14201183431953,143.0,Very Poor
India,Maharashtra,Mumbai,"Kandivali East, Mumbai - MPCB",2025-11-24 19:00:00,19.2058,72.8682,24.0,1.0,7.0,,124.0,148.0,,5,2025-11-24 19:00:00,19,0,341.42011834319527,148.0,Very Poor
India,Maharashtra,Mumbai,"Kandivali West, Mumbai - BMC",2025-11-24 19:00:00,19.215859,72.831718,18.0,2.0,37.0,67.0,114.0,185.0,8.0,7,2025-11-24 19:00:00,19,0,350.1162790697674,185.0,Very Poor
India,Maharashtra,Mumbai,"Kherwadi_Bandra East, Mumbai - MPCB",2025-11-24 19:00:00,19.0632143,72.8456324,25.0,11.0,26.0,53.0,139.0,135.0,3.0,7,2025-11-24 19:00:00,19,0,347.27810650887574,139.0,Very Poor
India,Maharashtra,Mumbai,"Khindipada-Bhandup West, Mumbai - IITM",2025-11-24 19:00:00,19.1653323,72.922099,50.0,2.0,29.0,141.0,115.0,,10.0,6,2025-11-24 19:00:00,19,0,500.0,141.0,Severe
India,Maharashtra,Mumbai,"Kurla, Mumbai - MPCB",2025-11-24 19:00:00,19.0863,72.8888,16.0,2.0,8.0,28.0,123.0,105.0,36.0,7,2025-11-24 19:00:00,19,0,285.6521739130435,123.0,Poor
India,Maharashtra,Mumbai,"Malad West, Mumbai - IITM",2025-11-24 19:00:00,19.19709,72.82204,47.0,12.0,87.0,182.0,225.0,191.0,5.0,7,2025-11-24 19:00:00,19,0,481.4375,225.0,Severe
India,Maharashtra,Mumbai,"Mazgaon, Mumbai - IITM",2025-11-24 19:00:00,18.96702,72.84214,93.0,19.0,99.0,119.0,161.0,298.0,9.0,7,2025-11-24 19:00:00,19,0,409.64,298.0,Severe
India,Maharashtra,Mumbai,"Mindspace-Malad West, Mumbai - MPCB",2025-11-24 19:00:00,19.1878657,72.8304069,54.0,17.0,71.0,35.0,140.0,116.0,15.0,7,2025-11-24 19:00:00,19,0,286.34482758620686,140.0,Poor
India,Maharashtra,Mumbai,"Navy Nagar-Colaba, Mumbai - IITM",2025-11-24 19:00:00,18.897756,72.81332,43.0,4.0,86.0,91.0,159.0,270.0,11.0,7,2025-11-24 19:00:00,19,0,456.6875,270.0,Severe
India,Maharashtra,Mumbai,"Powai, Mumbai - MPCB",2025-11-24 19:00:00,19.1375,72.915056,18.0,2.0,8.0,9.0,162.0,208.0,28.0,7,2025-11-24 19:00:00,19,0,367.7674418604651,208.0,Very Poor
India,Maharashtra,Mumbai,"Sewri, Mumbai - BMC",2025-11-24 19:00:00,19.000084,72.85673,27.0,21.0,4.0,125.0,84.0,16.0,33.0,7,2025-11-24 19:00:00,19,0,358.9940828402367,125.0,Very Poor
India,Maharashtra,Mumbai,"Shivaji Nagar, Mumbai - BMC",2025-11-24 19:00:00,19.060498,72.923356,43.0,4.0,63.0,60.0,,,16.0,5,2025-11-24 19:00:00,19,0,456.6875,63.0,Severe
India,Maharashtra,Mumbai,"Siddharth Nagar-Worli, Mumbai - IITM",2025-11-24 19:00:00,19.000083,72.813993,35.0,8.0,105.0,115.0,146.0,196.0,,6,2025-11-24 19:00:00,19,0,407.1875,196.0,Severe
India,Maharashtra,Mumbai,"Sion, Mumbai - MPCB",2025-11-24 19:00:00,19.047,72.8746,13.0,5.0,59.0,10.0,75.0,50.0,16.0,7,2025-11-24 19:00:00,19,0,242.6086956521739,75.0,Poor
India,Maharashtra,Mumbai,"Vasai West, Mumbai - MPCB",2025-11-24 19:00:00,19.3832,72.8204,48.0,3.0,21.0,17.0,113.0,102.0,10.0,7,2025-11-24 19:00:00,19,0,487.625,113.0,Severe
India,Maharashtra,Mumbai,"Vile Parle West, Mumbai - MPCB",2025-11-24 19:00:00,19.10861,72.83622,26.0,4.0,25.0,17.0,143.0,108.0,48.0,7,2025-11-24 19:00:00,19,0,353.1360946745562,143.0,Very Poor
India,Maharashtra,Mumbai,"Worli, Mumbai - MPCB",2025-11-24 19:00:00,18.9936162,72.8128113,13.0,1.0,6.0,20.0,114.0,107.0,19.0,7,2025-11-24 19:00:00,19,0,255.6206896551724,114.0,Poor
India,Maharashtra,Nagpur,"Ambazari, Nagpur - MPCB",2025-11-24 19:00:00,21.121801,79.04952,30.0,8.0,34.0,66.0,128.0,169.0,39.0,7,2025-11-24 19:00:00,19,0,376.56804733727813,169.0,Very Poor
India,Maharashtra,Nagpur,"Mahal, Nagpur - MPCB",2025-11-24 19:00:00,21.14472,79.107595,68.0,4.0,58.0,37.0,138.0,208.0,51.0,7,2025-11-24 19:00:00,19,0,367.7674418604651,208.0,Very Poor
India,Maharashtra,Nagpur,"Opp GPO Civil Lines, Nagpur - MPCB",2025-11-24 19:00:00,21.152875,79.0517531,36.0,4.0,45.0,40.0,119.0,129.0,27.0,7,2025-11-24 19:00:00,19,0,413.375,129.0,Severe
India,Maharashtra,Nagpur,"Ram Nagar, Nagpur - MPCB",2025-11-24 19:00:00,21.143383,79.048912,32.0,6.0,32.0,57.0,134.0,186.0,21.0,7,2025-11-24 19:00:00,19,0,388.28402366863907,186.0,Very Poor
India,Maharashtra,Nanded,"Sneh Nagar, Nanded - MPCB",2025-11-24 19:00:00,19.173852,77.296291,24.0,4.0,18.0,56.0,111.0,77.0,4.0,7,2025-11-24 19:00:00,19,0,341.42011834319527,111.0,Very Poor
India,Maharashtra,Nashik,"Gangapur Road, Nashik - MPCB",2025-11-24 19:00:00,20.0073285,73.7762427,32.0,3.0,5.0,12.0,94.0,69.0,,6,2025-11-24 19:00:00,19,0,388.28402366863907,94.0,Very Poor
India,Maharashtra,Nashik,"Hirawadi, Nashik - MPCB",2025-11-24 19:00:00,20.021503,73.813844,53.0,6.0,23.0,53.0,114.0,113.0,10.0,7,2025-11-24 19:00:00,19,0,276.1034482758621,114.0,Poor
India,Maharashtra,Nashik,"MIDC Ambad, Nashik - MPCB",2025-11-24 19:00:00,19.95022,73.73148,17.0,7.0,35.0,64.0,135.0,99.0,9.0,7,2025-11-24 19:00:00,19,0,300.0,135.0,Poor
India,Maharashtra,Nashik,"Pandav Nagari, Nashik - MPCB",2025-11-24 19:00:00,19.9591346,73.7788008,27.0,,,54.0,,,,2,2025-11-24 19:00:00,19,0,358.9940828402367,54.0,Very Poor
India,Maharashtra,Navi Mumbai,"Kopripada-Vashi, Navi Mumbai - MPCB",2025-11-24 19:00:00,19.090337,73.014232,28.0,6.0,36.0,47.0,108.0,169.0,17.0,7,2025-11-24 19:00:00,19,0,364.85207100591714,169.0,Very Poor
India,Maharashtra,Navi Mumbai,"Mahape, Navi Mumbai - MPCB",2025-11-24 19:00:00,19.1135051,73.008978,134.0,3.0,36.0,8.0,119.0,23.0,25.0,7,2025-11-24 19:00:00,19,0,112.95973154362416,134.0,Moderate
India,Maharashtra,Navi Mumbai,"Nerul, Navi Mumbai - MPCB",2025-11-24 19:00:00,19.008751,73.01662,,4.0,36.0,,,254.0,,3,2025-11-24 19:00:00,19,0,401.72,254.0,Severe
India,Maharashtra,Navi Mumbai,"Sanpada, Navi Mumbai - MPCB",2025-11-24 19:00:00,19.0575752,73.0151367,42.0,9.0,21.0,15.0,108.0,163.0,15.0,7,2025-11-24 19:00:00,19,0,450.5,163.0,Severe
India,Maharashtra,Navi Mumbai,"Sector-2E Kalamboli, Navi Mumbai - MPCB",2025-11-24 19:00:00,19.02579,73.10297,27.0,10.0,45.0,56.0,112.0,116.0,3.0,7,2025-11-24 19:00:00,19,0,358.9940828402367,116.0,Very Poor
India,Maharashtra,Navi Mumbai,"Tondare-Taloja, Navi Mumbai - MPCB",2025-11-24 19:00:00,19.063,73.1209,42.0,7.0,20.0,21.0,83.0,103.0,3.0,7,2025-11-24 19:00:00,19,0,450.5,103.0,Severe
India,Maharashtra,Parbhani,"Masoom Colony, Parbhani - MPCB",2025-11-24 19:00:00,19.265594,76.761463,10.0,4.0,56.0,10.0,105.0,88.0,7.0,7,2025-11-24 19:00:00,19,0,200.0,105.0,Moderate
India,Maharashtra,Pimpri-Chinchwad,"Gavalinagar, Pimpri Chinchwad - MPCB",2025-11-24 19:00:00,18.63673,73.82487,35.0,,,70.0,,,,2,2025-11-24 19:00:00,19,0,407.1875,70.0,Severe
India,Maharashtra,Pimpri-Chinchwad,"Park Street Wakad, Pimpri Chinchwad - MPCB",2025-11-24 19:00:00,18.59051,73.77946,23.0,3.0,52.0,74.0,110.0,109.0,2.0,7,2025-11-24 19:00:00,19,0,335.5621301775148,110.0,Very Poor
India,Maharashtra,Pimpri-Chinchwad,"Savta Mali Nagar, Pimpri-Chinchwad - IITM",2025-11-24 19:00:00,18.614767,73.799516,71.0,,64.0,54.0,117.0,129.0,,5,2025-11-24 19:00:00,19,0,307.13953488372096,129.0,Very Poor
India,Maharashtra,Pimpri-Chinchwad,"Thergaon, Pimpri Chinchwad - MPCB",2025-11-24 19:00:00,18.616318,73.765797,53.0,5.0,31.0,49.0,95.0,70.0,2.0,7,2025-11-24 19:00:00,19,0,131.72413793103448,95.0,Moderate
India,Maharashtra,Pune,"Bhumkar Nagar, Pune - IITM",2025-11-24 19:00:00,18.60577,73.749976,41.0,,6.0,38.0,128.0,124.0,,5,2025-11-24 19:00:00,19,0,444.3125,128.0,Severe
India,Maharashtra,Pune,"Hadapsar, Pune - IITM",2025-11-24 19:00:00,18.501793,73.927532,77.0,,,21.0,,,,2,2025-11-24 19:00:00,19,0,21.0,77.0,Good
India,Maharashtra,Pune,"Katraj Dairy, Pune - MPCB",2025-11-24 19:00:00,18.45445,73.854155,38.0,5.0,42.0,62.0,92.0,54.0,4.0,7,2025-11-24 19:00:00,19,0,425.75,92.0,Severe
India,Maharashtra,Pune,"Mhada Colony, Pune - IITM",2025-11-24 19:00:00,18.57304,73.927715,43.0,,54.0,80.0,125.0,145.0,,5,2025-11-24 19:00:00,19,0,456.6875,145.0,Severe
India,Maharashtra,Pune,"Panchawati_Pashan, Pune - IITM",2025-11-24 19:00:00,18.536457,73.805454,29.0,,17.0,34.0,,,,3,2025-11-24 19:00:00,19,0,370.7100591715976,34.0,Very Poor
India,Maharashtra,Pune,"Revenue Colony-Shivajinagar, Pune - IITM",2025-11-24 19:00:00,18.530085,73.849598,90.0,,,35.0,110.0,101.0,10.0,5,2025-11-24 19:00:00,19,0,235.13793103448276,110.0,Poor
India,Maharashtra,Pune,"Savitribai Phule Pune University, Pune - MPCB",2025-11-24 19:00:00,18.547056,73.826908,27.0,2.0,15.0,63.0,114.0,70.0,2.0,7,2025-11-24 19:00:00,19,0,358.9940828402367,114.0,Very Poor
India,Maharashtra,Pune,"Transport Nagar-Nigdi, Pune - IITM",2025-11-24 19:00:00,18.664282,73.763966,34.0,,,58.0,,,,2,2025-11-24 19:00:00,19,0,400.0,58.0,Very Poor
India,Maharashtra,Sangli,"Vijay Nagar, Sangli - MPCB",2025-11-24 19:00:00,16.5038,74.3623,30.0,3.0,29.0,35.0,128.0,147.0,6.0,7,2025-11-24 19:00:00,19,0,376.56804733727813,147.0,Very Poor
India,Maharashtra,Solapur,"Dnyaneshwar Nagar, Solapur - MPCB",2025-11-24 19:00:00,17.6336264,75.9132495,13.0,12.0,,54.0,78.0,54.0,5.0,6,2025-11-24 19:00:00,19,0,242.6086956521739,78.0,Poor
India,Maharashtra,Solapur,"Ratandeep Housing Society, Solapur - MPCB",2025-11-24 19:00:00,17.65439,75.90649,28.0,5.0,41.0,49.0,97.0,73.0,2.0,7,2025-11-24 19:00:00,19,0,364.85207100591714,97.0,Very Poor
India,Maharashtra,Thane,"Kasarvadavali, Thane - MPCB",2025-11-24 19:00:00,19.26777,72.97182,24.0,7.0,37.0,63.0,129.0,,3.0,6,2025-11-24 19:00:00,19,0,341.42011834319527,129.0,Very Poor
India,Maharashtra,Thane,"Upvan Fort, Thane - MPCB",2025-11-24 19:00:00,19.222279,72.957979,37.0,,45.0,88.0,102.0,78.0,1.0,6,2025-11-24 19:00:00,19,0,419.5625,102.0,Severe
India,Maharashtra,Ulhasnagar,"Sidhi Vinayak Nagar, Ulhasnagar - MPCB",2025-11-24 19:00:00,19.235581,73.159121,28.0,6.0,19.0,64.0,159.0,182.0,10.0,7,2025-11-24 19:00:00,19,0,364.85207100591714,182.0,Very Poor
India,Maharashtra,Virar,"Bolinj, Virar - MPCB",2025-11-24 19:00:00,19.445821,72.7988231,30.0,3.0,35.0,71.0,142.0,208.0,5.0,7,2025-11-24 19:00:00,19,0,376.56804733727813,208.0,Very Poor
India,Meghalaya,Shillong,"Lumpyngngad, Shillong - Meghalaya PCB",2025-11-24 19:00:00,25.5586,91.8985,8.0,,,8.0,16.0,,,3,2025-11-24 19:00:00,19,0,174.9367088607595,16.0,Moderate
India,Nagaland,Kohima,"PWD Junction, Kohima - NPCB",2025-11-24 19:00:00,25.6635413,94.0989878,10.0,1.0,4.0,20.0,65.0,67.0,73.0,7,2025-11-24 19:00:00,19,0,200.0,73.0,Moderate
India,Odisha,Angul,"Hakimapada, Angul - OSPCB",2025-11-24 19:00:00,20.832874,85.104082,45.0,9.0,29.0,94.0,204.0,319.0,40.0,7,2025-11-24 19:00:00,19,0,469.0625,319.0,Severe
India,Odisha,Balasore,"Kalidaspur, Balasore - OSPCB",2025-11-24 19:00:00,21.51161,86.89088,48.0,3.0,26.0,61.0,209.0,290.0,14.0,7,2025-11-24 19:00:00,19,0,487.625,290.0,Severe
India,Odisha,Barbil,"Forest Office, Barbil - OSPCB",2025-11-24 19:00:00,22.1166054,85.3945546,47.0,3.0,19.0,51.0,150.0,252.0,18.0,7,2025-11-24 19:00:00,19,0,481.4375,252.0,Severe
India,Odisha,Baripada,"Meher Colony, Baripada - OSPCB",2025-11-24 19:00:00,21.941841,86.728318,71.0,2.0,36.0,63.0,144.0,235.0,7.0,7,2025-11-24 19:00:00,19,0,388.48837209302326,235.0,Very Poor
India,Odisha,Bhubaneswar,"Lingraj Mandir, Bhubaneswar - OSPCB",2025-11-24 19:00:00,20.24079,85.836784,48.0,6.0,30.0,149.0,141.0,295.0,19.0,7,2025-11-24 19:00:00,19,0,487.625,295.0,Severe
India,Odisha,Bhubaneswar,"Patia, Bhubaneswar - OSPCB",2025-11-24 19:00:00,20.34652,85.8163,27.0,5.0,21.0,104.0,170.0,242.0,7.0,7,2025-11-24 19:00:00,19,0,393.8604651162791,242.0,Very Poor
India,Odisha,Bileipada,"Tata Township, Bileipada - OSPCB",2025-11-24 19:00:00,22.06156703,85.47409613,37.0,4.0,7.0,12.0,139.0,63.0,8.0,7,2025-11-24 19:00:00,19,0,419.5625,139.0,Severe
India,Odisha,Brajrajnagar,"GM Office, Brajrajnagar - OSPCB",2025-11-24 19:00:00,21.8004996,83.8396977,21.0,37.0,292.0,26.0,127.0,118.0,16.0,7,2025-11-24 19:00:00,19,0,323.8461538461538,292.0,Very Poor
India,Odisha,Byasanagar,"Ferro Chrome Colony, Byasanagar - OSPCB",2025-11-24 19:00:00,20.94185,86.1151,41.0,3.0,16.0,153.0,150.0,263.0,18.0,7,2025-11-24 19:00:00,19,0,444.3125,263.0,Severe
India,Odisha,Cuttack,"CDA Area, Cuttack - OSPCB",2025-11-24 19:00:00,20.48891,85.84768,49.0,4.0,37.0,137.0,180.0,302.0,6.0,7,2025-11-24 19:00:00,19,0,493.8125,302.0,Severe
India,Odisha,Keonjhar,"Jagamohanpur, Keonjhar - OSPCB",2025-11-24 19:00:00,21.6439,85.599355,45.0,11.0,34.0,18.0,152.0,95.0,24.0,7,2025-11-24 19:00:00,19,0,469.0625,152.0,Severe
India,Odisha,Nayagarh,"Dabuna, Nayagarh - OSPCB",2025-11-24 19:00:00,21.847279,85.416905,26.0,,,21.0,107.0,88.0,10.0,5,2025-11-24 19:00:00,19,0,353.1360946745562,107.0,Very Poor
India,Odisha,Rairangpur,"Divisional Forest Office, Rairangpur - OSPCB",2025-11-24 19:00:00,22.265816,86.174829,88.0,,,40.0,,,,2,2025-11-24 19:00:00,19,0,40.0,88.0,Good
India,Odisha,Rourkela,"Fertilizer Township, Rourkela - OSPCB",2025-11-24 19:00:00,22.18972222,84.86277778,28.0,,11.0,,90.0,97.0,9.0,5,2025-11-24 19:00:00,19,0,364.85207100591714,97.0,Very Poor
India,Odisha,Rourkela,"Raghunathpali, Rourkela - OSPCB",2025-11-24 19:00:00,22.220833,84.809444,80.0,2.0,13.0,19.0,108.0,162.0,5.0,7,2025-11-24 19:00:00,19,0,332.4651162790698,162.0,Very Poor
India,Odisha,Rourkela,"Sector-2, Rourkela - OSPCB",2025-11-24 19:00:00,22.245,84.88111111,36.0,,,,69.0,62.0,,3,2025-11-24 19:00:00,19,0,413.375,69.0,Severe
India,Odisha,Talcher,"Talcher Coalfields,Talcher - OSPCB",2025-11-24 19:00:00,20.9360711,85.1707021,60.0,6.0,86.0,17.0,215.0,249.0,44.0,7,2025-11-24 19:00:00,19,0,399.2325581395349,249.0,Very Poor
India,Odisha,Tensa,"Barsua Iron Ore Mines, Tensa - OSPCB",2025-11-24 19:00:00,21.869985,85.167016,47.0,,,31.0,118.0,,30.0,4,2025-11-24 19:00:00,19,0,481.4375,118.0,Severe
India,Puducherry,Puducherry,"Jawahar Nagar, Puducherry - PPCC",2025-11-24 19:00:00,11.9309,79.8027,26.0,5.0,18.0,27.0,29.0,28.0,8.0,7,2025-11-24 19:00:00,19,0,353.1360946745562,29.0,Very Poor
India,Punjab,Amritsar,"Golden Temple, Amritsar - PPCB",2025-11-24 19:00:00,31.62,74.876512,28.0,7.0,35.0,33.0,99.0,100.0,16.0,7,2025-11-24 19:00:00,19,0,364.85207100591714,100.0,Very Poor
India,Punjab,Jalandhar,"Civil Line, Jalandhar - PPCB",2025-11-24 19:00:00,31.321907,75.578914,41.0,2.0,38.0,41.0,127.0,123.0,14.0,7,2025-11-24 19:00:00,19,0,444.3125,127.0,Severe
India,Punjab,Khanna,"Kalal Majra, Khanna - PPCB",2025-11-24 19:00:00,30.736056,76.209694,10.0,7.0,28.0,25.0,117.0,100.0,9.0,7,2025-11-24 19:00:00,19,0,231.72413793103448,117.0,Poor
India,Punjab,Ludhiana,"Punjab Agricultural University, Ludhiana - PPCB",2025-11-24 19:00:00,30.9028,75.8086,73.0,,,16.0,147.0,184.0,21.0,5,2025-11-24 19:00:00,19,0,349.3488372093023,184.0,Very Poor
India,Punjab,Mandi Gobindgarh,"RIMT University, Mandi Gobindgarh - PPCB",2025-11-24 19:00:00,30.649961,76.331442,69.0,6.0,24.0,34.0,160.0,186.0,9.0,7,2025-11-24 19:00:00,19,0,350.8837209302326,186.0,Very Poor
India,Punjab,Patiala,"Model Town, Patiala - PPCB",2025-11-24 19:00:00,30.349388,76.366642,40.0,6.0,17.0,30.0,159.0,142.0,25.0,7,2025-11-24 19:00:00,19,0,438.125,159.0,Severe
India,Punjab,Rupnagar,"Ratanpura, Rupnagar - Ambuja Cements",2025-11-24 19:00:00,31.0325454,76.5623046,65.0,,,,,,,1,2025-11-24 19:00:00,19,0,,65.0,Unknown
India,Rajasthan,Ajmer,"Civil Lines,  Ajmer - RSPCB",2025-11-24 19:00:00,26.470859,74.646594,21.0,2.0,25.0,82.0,133.0,129.0,20.0,7,2025-11-24 19:00:00,19,0,323.8461538461538,133.0,Very Poor
India,Rajasthan,Alwar,"Moti Doongri, Alwar - RSPCB",2025-11-24 19:00:00,27.554793,76.611536,62.0,14.0,67.0,36.0,100.0,78.0,34.0,7,2025-11-24 19:00:00,19,0,159.0344827586207,100.0,Moderate
India,Rajasthan,Banswara,"Rati Talai, Banswara - RSPCB",2025-11-24 19:00:00,23.55519,74.44001,35.0,6.0,45.0,131.0,140.0,122.0,13.0,7,2025-11-24 19:00:00,19,0,407.1875,140.0,Severe
India,Rajasthan,Baran,"Bamboliya, Baran - RSPCB",2025-11-24 19:00:00,25.106006,76.469948,29.0,8.0,22.0,129.0,104.0,146.0,12.0,7,2025-11-24 19:00:00,19,0,370.7100591715976,146.0,Very Poor
India,Rajasthan,Barmer,"Railway Colony, Barmer - RSPCB",2025-11-24 19:00:00,25.747299,71.393989,27.0,5.0,23.0,75.0,118.0,76.0,13.0,7,2025-11-24 19:00:00,19,0,358.9940828402367,118.0,Very Poor
India,Rajasthan,Bharatpur,"Krishna Nagar, Bharatpur - RSPCB",2025-11-24 19:00:00,27.215415,77.50873,69.0,13.0,48.0,115.0,161.0,131.0,6.0,7,2025-11-24 19:00:00,19,0,308.6744186046512,161.0,Very Poor
India,Rajasthan,Bhilwara,"Pratap Nagar, Bhilwara - RSPCB",2025-11-24 19:00:00,25.339605,74.618883,34.0,10.0,27.0,41.0,121.0,162.0,18.0,7,2025-11-24 19:00:00,19,0,400.0,162.0,Very Poor
India,Rajasthan,Bhiwadi,"RIICO Ind. Area III, Bhiwadi - RSPCB",2025-11-24 19:00:00,28.194909,76.862296,45.0,13.0,51.0,44.0,200.0,324.0,8.0,7,2025-11-24 19:00:00,19,0,469.0625,324.0,Severe
India,Rajasthan,Bhiwadi,"Vasundhara Nagar_UIT, Bhiwadi - RSPCB",2025-11-24 19:00:00,28.207266,76.829265,44.0,5.0,70.0,67.0,237.0,266.0,20.0,7,2025-11-24 19:00:00,19,0,462.875,266.0,Severe
India,Rajasthan,Bikaner,"MM Ground, Bikaner - RSPCB",2025-11-24 19:00:00,28.018792,73.292658,70.0,11.0,74.0,73.0,210.0,164.0,9.0,7,2025-11-24 19:00:00,19,0,334.0,210.0,Very Poor
India,Rajasthan,Bundi,"New Colony, Bundi - RSPCB",2025-11-24 19:00:00,25.435774,75.644272,38.0,1.0,28.0,123.0,122.0,161.0,7.0,7,2025-11-24 19:00:00,19,0,425.75,161.0,Severe
India,Rajasthan,Chittorgarh,"Shastri Nagar, Chittorgarh - RSPCB",2025-11-24 19:00:00,24.892047,74.623527,29.0,4.0,45.0,107.0,112.0,150.0,31.0,7,2025-11-24 19:00:00,19,0,370.7100591715976,150.0,Very Poor
India,Rajasthan,Churu,"Subash Chowk, Churu - RSPCB",2025-11-24 19:00:00,28.296139,74.961696,13.0,5.0,37.0,142.0,174.0,169.0,4.0,7,2025-11-24 19:00:00,19,0,337.83720930232556,174.0,Very Poor
India,Rajasthan,Dausa,"Khatikan Mohalla, Dausa - RSPCB",2025-11-24 19:00:00,26.895552,76.334753,60.0,12.0,54.0,133.0,130.0,120.0,4.0,7,2025-11-24 19:00:00,19,0,300.0,133.0,Poor
India,Rajasthan,Dholpur,"Raja Ganj, Dholpur - RSPCB",2025-11-24 19:00:00,26.699557,77.898881,49.0,11.0,53.0,31.0,111.0,151.0,,6,2025-11-24 19:00:00,19,0,493.8125,151.0,Severe
India,Rajasthan,Dungarpur,"Bhoiwada, Dungarpur - RSPCB",2025-11-24 19:00:00,23.837789,73.714926,25.0,6.0,25.0,130.0,136.0,206.0,4.0,7,2025-11-24 19:00:00,19,0,366.2325581395349,206.0,Very Poor
India,Rajasthan,Hanumangarh,"Housing Board, Hanumangarh - RSPCB",2025-11-24 19:00:00,29.61075,74.283608,79.0,14.0,46.0,75.0,120.0,113.0,8.0,7,2025-11-24 19:00:00,19,0,276.1034482758621,120.0,Poor
India,Rajasthan,Jaipur,"Adarsh Nagar, Jaipur - RSPCB",2025-11-24 19:00:00,26.902909,75.836858,37.0,23.0,65.0,64.0,135.0,215.0,22.0,7,2025-11-24 19:00:00,19,0,419.5625,215.0,Severe
India,Rajasthan,Jaipur,"Mansarovar Sector-12, Jaipur - RSPCB",2025-11-24 19:00:00,26.843698,75.766894,35.0,,,116.0,,,,2,2025-11-24 19:00:00,19,0,407.1875,116.0,Severe
India,Rajasthan,Jaipur,"Police Commissionerate, Jaipur - RSPCB",2025-11-24 19:00:00,26.9164092,75.7994901,60.0,10.0,126.0,59.0,145.0,101.0,8.0,7,2025-11-24 19:00:00,19,0,235.13793103448276,145.0,Poor
India,Rajasthan,Jaipur,"RIICO Sitapura, Jaipur - RSPCB",2025-11-24 19:00:00,26.786682,75.827928,43.0,12.0,75.0,110.0,174.0,216.0,4.0,7,2025-11-24 19:00:00,19,0,456.6875,216.0,Severe
India,Rajasthan,Jaipur,"Sector-2 Murlipura, Jaipur - RSPCB",2025-11-24 19:00:00,26.960669,75.771817,39.0,10.0,66.0,78.0,145.0,187.0,3.0,7,2025-11-24 19:00:00,19,0,431.9375,187.0,Severe
India,Rajasthan,Jaipur,"Shastri Nagar, Jaipur - RSPCB",2025-11-24 19:00:00,26.9502929,75.730943,75.0,20.0,92.0,52.0,154.0,249.0,16.0,7,2025-11-24 19:00:00,19,0,399.2325581395349,249.0,Very Poor
India,Rajasthan,Jaisalmer,"Sadar Bazar, Jaisalmer - RSPCB",2025-11-24 19:00:00,26.912329,70.909168,43.0,15.0,56.0,105.0,155.0,122.0,6.0,7,2025-11-24 19:00:00,19,0,456.6875,155.0,Severe
India,Rajasthan,Jalore,"Mudtra Sili, Jalore - RSPCB",2025-11-24 19:00:00,25.344694,72.626208,63.0,7.0,72.0,93.0,172.0,162.0,6.0,7,2025-11-24 19:00:00,19,0,332.4651162790698,172.0,Very Poor
India,Rajasthan,Jhalawar,"Rajlaxmi Nagar, Jhalawar - RSPCB",2025-11-24 19:00:00,24.588397,76.172782,50.0,5.0,64.0,129.0,109.0,190.0,12.0,7,2025-11-24 19:00:00,19,0,500.0,190.0,Severe
India,Rajasthan,Jhunjhunu,"Indra Nagar, Jhunjhunu - RSPCB",2025-11-24 19:00:00,28.108988,75.386577,34.0,8.0,66.0,105.0,199.0,176.0,6.0,7,2025-11-24 19:00:00,19,0,400.0,199.0,Very Poor
India,Rajasthan,Jodhpur,"Collectorate, Jodhpur - RSPCB",2025-11-24 19:00:00,26.268249,73.0193853,42.0,11.0,11.0,48.0,161.0,156.0,16.0,7,2025-11-24 19:00:00,19,0,450.5,161.0,Severe
India,Rajasthan,Jodhpur,"Digari Kalan, Jodhpur - RSPCB",2025-11-24 19:00:00,26.29581,73.082283,33.0,8.0,39.0,132.0,143.0,159.0,5.0,7,2025-11-24 19:00:00,19,0,394.14201183431953,159.0,Very Poor
India,Rajasthan,Jodhpur,"Jhalamand, Jodhpur - RSPCB",2025-11-24 19:00:00,26.215415,73.070156,27.0,12.0,36.0,94.0,144.0,160.0,6.0,7,2025-11-24 19:00:00,19,0,358.9940828402367,160.0,Very Poor
India,Rajasthan,Jodhpur,"Mandor, Jodhpur - RSPCB",2025-11-24 19:00:00,26.358805,73.047444,18.0,5.0,24.0,124.0,113.0,146.0,8.0,7,2025-11-24 19:00:00,19,0,320.1860465116279,146.0,Very Poor
India,Rajasthan,Jodhpur,"Samrat Ashok Udhyan, Jodhpur - RSPCB",2025-11-24 19:00:00,26.253384,72.976571,37.0,8.0,50.0,121.0,164.0,175.0,6.0,7,2025-11-24 19:00:00,19,0,419.5625,175.0,Severe
India,Rajasthan,Karauli,"Satyawati Vihar, Karauli - RSPCB",2025-11-24 19:00:00,26.506177,77.025989,19.0,10.0,31.0,70.0,108.0,104.0,2.0,7,2025-11-24 19:00:00,19,0,312.1301775147929,108.0,Very Poor
India,Rajasthan,Kota,"Dhanmandi, Kota - RSPCB",2025-11-24 19:00:00,25.16409,75.858137,47.0,4.0,57.0,101.0,133.0,211.0,5.0,7,2025-11-24 19:00:00,19,0,481.4375,211.0,Severe
India,Rajasthan,Kota,"Nayapura, Kota - RSPCB",2025-11-24 19:00:00,25.196024,75.855668,63.0,14.0,72.0,105.0,122.0,194.0,5.0,7,2025-11-24 19:00:00,19,0,357.0232558139535,194.0,Very Poor
India,Rajasthan,Kota,"Shrinath Puram, Kota - RSPCB",2025-11-24 19:00:00,25.14389,75.821256,55.0,5.0,16.0,16.0,135.0,247.0,14.0,7,2025-11-24 19:00:00,19,0,397.69767441860466,247.0,Very Poor
India,Rajasthan,Nagaur,"Karni Colony, Nagaur - RSPCB",2025-11-24 19:00:00,27.213494,73.734444,30.0,8.0,25.0,89.0,137.0,109.0,5.0,7,2025-11-24 19:00:00,19,0,376.56804733727813,137.0,Very Poor
India,Rajasthan,Pali,"Indira Colony Vistar, Pali - RSPCB",2025-11-24 19:00:00,25.771061,73.340227,30.0,10.0,35.0,32.0,148.0,183.0,11.0,7,2025-11-24 19:00:00,19,0,376.56804733727813,183.0,Very Poor
India,Rajasthan,Pratapgarh,"Pragati Nagar, Pratapgarh - RSPCB",2025-11-24 19:00:00,24.041198,74.780702,33.0,6.0,23.0,125.0,98.0,133.0,4.0,7,2025-11-24 19:00:00,19,0,394.14201183431953,133.0,Very Poor
India,Rajasthan,Rajsamand,"Dhoinda, Rajsamand - RSPCB",2025-11-24 19:00:00,25.03636,73.883502,26.0,14.0,28.0,139.0,150.0,193.0,13.0,7,2025-11-24 19:00:00,19,0,356.25581395348837,193.0,Very Poor
India,Rajasthan,Sawai Madhopur,"Sahu Nagar, Sawai Madhopur - RSPCB",2025-11-24 19:00:00,26.031443,76.359327,33.0,8.0,15.0,76.0,132.0,119.0,3.0,7,2025-11-24 19:00:00,19,0,394.14201183431953,132.0,Very Poor
India,Rajasthan,Sikar,"Radhakishan Pura, Sikar - RSPCB",2025-11-24 19:00:00,27.608912,75.153302,34.0,10.0,43.0,101.0,164.0,190.0,5.0,7,2025-11-24 19:00:00,19,0,400.0,190.0,Very Poor
India,Rajasthan,Sirohi,"Vedhaynath Colony, Sirohi - RSPCB",2025-11-24 19:00:00,24.885261,72.857549,34.0,3.0,53.0,95.0,118.0,108.0,13.0,7,2025-11-24 19:00:00,19,0,400.0,118.0,Very Poor
India,Rajasthan,Sri Ganganagar,"Old City, Sri Ganganagar - RSPCB",2025-11-24 19:00:00,29.931624,73.864511,155.0,20.0,106.0,115.0,221.0,59.0,7.0,7,2025-11-24 19:00:00,19,0,180.73154362416108,221.0,Moderate
India,Rajasthan,Tonk,"Shastri Nagar, Tonk - RSPCB",2025-11-24 19:00:00,26.159933,75.780517,44.0,13.0,56.0,46.0,278.0,298.0,2.0,7,2025-11-24 19:00:00,19,0,462.875,298.0,Severe
India,Rajasthan,Udaipur,"Ashok Nagar, Udaipur - RSPCB",2025-11-24 19:00:00,24.5886166,73.6321397,38.0,,,74.0,,,,2,2025-11-24 19:00:00,19,0,425.75,74.0,Severe
India,Sikkim,Gangtok,"Zero Point GICI, Gangtok - SSPCB",2025-11-24 19:00:00,27.33853,88.614099,7.0,1.0,6.0,95.0,27.0,27.0,1.0,7,2025-11-24 19:00:00,19,0,162.40506329113924,95.0,Moderate
India,TamilNadu,Ariyalur,"Keelapalur, Ariyalur - TNPCB",2025-11-24 19:00:00,11.06825,79.07033,,1.0,9.0,,13.0,14.0,13.0,5,2025-11-24 19:00:00,19,0,23.333333333333336,14.0,Good
India,TamilNadu,Chennai,"Alandur Bus Depot, Chennai - CPCB",2025-11-24 19:00:00,12.9099161,80.1076538,33.0,,,4.0,,,,2,2025-11-24 19:00:00,19,0,394.14201183431953,33.0,Very Poor
India,TamilNadu,Chennai,"Arumbakkam, Chennai - TNPCB",2025-11-24 19:00:00,13.0664,80.2112,,2.0,14.0,,68.0,44.0,2.0,5,2025-11-24 19:00:00,19,0,72.9655172413793,68.0,Satisfactory
India,TamilNadu,Chennai,"Kodungaiyur, Chennai - TNPCB",2025-11-24 19:00:00,13.1278,80.2642,,6.0,14.0,,49.0,55.0,,4,2025-11-24 19:00:00,19,0,91.55172413793103,55.0,Satisfactory
India,TamilNadu,Chennai,"Manali Village, Chennai - TNPCB",2025-11-24 19:00:00,13.1662,80.2584,16.0,2.0,4.0,37.0,44.0,21.0,14.0,7,2025-11-24 19:00:00,19,0,285.6521739130435,44.0,Poor
India,TamilNadu,Chennai,"Manali, Chennai - CPCB",2025-11-24 19:00:00,13.164544,80.26285,16.0,,,11.0,56.0,,,3,2025-11-24 19:00:00,19,0,285.6521739130435,56.0,Poor
India,TamilNadu,Chennai,"Perungudi, Chennai - TNPCB",2025-11-24 19:00:00,12.9533,80.2357,38.0,5.0,4.0,10.0,55.0,43.0,4.0,7,2025-11-24 19:00:00,19,0,425.75,55.0,Severe
India,TamilNadu,Chennai,"Velachery Res. Area, Chennai - CPCB",2025-11-24 19:00:00,13.0052189,80.2398125,39.0,4.0,13.0,8.0,76.0,34.0,15.0,7,2025-11-24 19:00:00,19,0,431.9375,76.0,Severe
India,TamilNadu,Coimbatore,"SIDCO Kurichi, Coimbatore - TNPCB",2025-11-24 19:00:00,10.942451,76.978996,22.0,2.0,16.0,4.0,37.0,33.0,21.0,7,2025-11-24 19:00:00,19,0,329.70414201183434,37.0,Very Poor
India,TamilNadu,Cuddalore,"Kudikadu, Cuddalore - TNPCB",2025-11-24 19:00:00,11.6829898,79.7532099,,5.0,19.0,14.0,,24.0,19.0,5,2025-11-24 19:00:00,19,0,40.0,24.0,Good
India,TamilNadu,Cuddalore,"Semmandalam, Cuddalore - TNPCB",2025-11-24 19:00:00,11.7637683,79.7499835,,2.0,5.0,2.0,35.0,39.0,,5,2025-11-24 19:00:00,19,0,64.51724137931035,39.0,Satisfactory
India,TamilNadu,Dindigul,"Mendonsa Colony, Dindigul - TNPCB",2025-11-24 19:00:00,10.358535,77.984321,29.0,2.0,17.0,,7.0,,22.0,5,2025-11-24 19:00:00,19,0,370.7100591715976,29.0,Very Poor
India,TamilNadu,Gummidipoondi,"Anthoni Pillai Nagar, Gummidipoondi - TNPCB",2025-11-24 19:00:00,13.4127,80.1081,,2.0,3.0,,110.0,161.0,28.0,5,2025-11-24 19:00:00,19,0,331.69767441860466,161.0,Very Poor
India,TamilNadu,Karur,"Kamadenu Nagar, Karur - TNPCB",2025-11-24 19:00:00,10.96782,78.080882,,3.0,6.0,7.0,,11.0,16.0,5,2025-11-24 19:00:00,19,0,20.0,16.0,Good
India,TamilNadu,Madurai,"Uchapatti, Madurai - TNPCB",2025-11-24 19:00:00,9.865935,78.022669,15.0,4.0,16.0,1.0,10.0,,33.0,6,2025-11-24 19:00:00,19,0,271.30434782608694,33.0,Poor
India,TamilNadu,Nagapattinam,"Velippalayam, Nagapattinam - TNPCB",2025-11-24 19:00:00,10.798548,79.838212,20.0,,,1.0,,,,2,2025-11-24 19:00:00,19,0,317.98816568047334,20.0,Very Poor
India,TamilNadu,Ooty,"Bombay Castel, Ooty - TNPCB",2025-11-24 19:00:00,11.4068288,76.7138973,,,3.0,6.0,11.0,11.0,15.0,5,2025-11-24 19:00:00,19,0,18.75,15.0,Good
India,TamilNadu,Perundurai,"SIPCOT Industrial Park, Perundurai - TNPCB",2025-11-24 19:00:00,11.258242,77.552761,18.0,2.0,8.0,6.0,21.0,15.0,13.0,7,2025-11-24 19:00:00,19,0,306.2721893491124,21.0,Very Poor
India,TamilNadu,Pudukottai,"SIPCOT Nathampannai, Pudukottai - TNPCB",2025-11-24 19:00:00,10.423417,78.784889,,3.0,14.0,,34.0,26.0,13.0,5,2025-11-24 19:00:00,19,0,43.333333333333336,34.0,Good
India,TamilNadu,Ramanathapuram,"Chalai Bazaar, Ramanathapuram - TNPCB",2025-11-24 19:00:00,9.36399,78.831977,25.0,1.0,7.0,5.0,14.0,,13.0,6,2025-11-24 19:00:00,19,0,347.27810650887574,25.0,Very Poor
India,TamilNadu,Salem,"Sona College of Technology, Salem - TNPCB",2025-11-24 19:00:00,11.679111,78.125052,12.0,,,5.0,,24.0,18.0,4,2025-11-24 19:00:00,19,0,228.2608695652174,24.0,Poor
India,TamilNadu,Thanjavur,"Parisutham Nagar, Thanjavur - TNPCB",2025-11-24 19:00:00,10.7654824,79.1389968,,1.0,3.0,,14.0,12.0,17.0,5,2025-11-24 19:00:00,19,0,21.25,17.0,Good
India,TamilNadu,Thoothukudi,"Meelavittan, Thoothukudi - TNPCB",2025-11-24 19:00:00,8.816428,78.099039,93.0,,11.0,31.0,34.0,,6.0,5,2025-11-24 19:00:00,19,0,34.0,93.0,Good
India,TamilNadu,Tiruchirappalli,"St Joseph College, Tiruchirappalli - TNPCB",2025-11-24 19:00:00,10.830158,78.691849,,1.0,1.0,10.0,15.0,13.0,16.0,6,2025-11-24 19:00:00,19,0,21.666666666666668,16.0,Good
India,TamilNadu,Tirupur,"Kumaran College, Tirupur - TNPCB",2025-11-24 19:00:00,11.0973603,77.3228673,22.0,,7.0,3.0,22.0,21.0,5.0,6,2025-11-24 19:00:00,19,0,329.70414201183434,22.0,Very Poor
India,TamilNadu,Virudhunagar,"Collectorate Office, Virudhunagar - TNPCB",2025-11-24 19:00:00,9.559382,77.948828,16.0,,,,,,,1,2025-11-24 19:00:00,19,0,285.6521739130435,16.0,Poor
India,Telangana,Hyderabad,"Bollaram Industrial Area, Hyderabad - TSPCB",2025-11-24 19:00:00,17.540891,78.358528,29.0,5.0,36.0,57.0,53.0,70.0,7.0,7,2025-11-24 19:00:00,19,0,370.7100591715976,70.0,Very Poor
India,Telangana,Hyderabad,"Central University, Hyderabad - TSPCB",2025-11-24 19:00:00,17.460103,78.334361,22.0,3.0,27.0,10.0,,51.0,6.0,6,2025-11-24 19:00:00,19,0,329.70414201183434,51.0,Very Poor
India,Telangana,Hyderabad,"ECIL Kapra, Hyderabad - TSPCB",2025-11-24 19:00:00,17.470431,78.566959,24.0,4.0,13.0,43.0,89.0,54.0,13.0,7,2025-11-24 19:00:00,19,0,341.42011834319527,89.0,Very Poor
India,Telangana,Hyderabad,"ICRISAT Patancheru, Hyderabad - TSPCB",2025-11-24 19:00:00,17.5184,78.278777,20.0,3.0,12.0,51.0,72.0,77.0,7.0,7,2025-11-24 19:00:00,19,0,317.98816568047334,77.0,Very Poor
India,Telangana,Hyderabad,"IDA Pashamylaram, Hyderabad - TSPCB",2025-11-24 19:00:00,17.5316895,78.218939,63.0,3.0,19.0,21.0,46.0,55.0,4.0,7,2025-11-24 19:00:00,19,0,91.55172413793103,63.0,Satisfactory
India,Telangana,Hyderabad,"IITH Kandi, Hyderabad - TSPCB",2025-11-24 19:00:00,17.585705,78.126199,17.0,2.0,14.0,26.0,85.0,53.0,13.0,7,2025-11-24 19:00:00,19,0,300.0,85.0,Poor
India,Telangana,Hyderabad,"Kokapet, Hyderabad - TSPCB",2025-11-24 19:00:00,17.393559,78.339194,32.0,2.0,15.0,24.0,119.0,47.0,12.0,7,2025-11-24 19:00:00,19,0,388.28402366863907,119.0,Very Poor
India,Telangana,Hyderabad,"Kompally Municipal Office, Hyderabad - TSPCB",2025-11-24 19:00:00,17.544899,78.486949,15.0,5.0,14.0,23.0,79.0,66.0,12.0,7,2025-11-24 19:00:00,19,0,271.30434782608694,79.0,Poor
India,Telangana,Hyderabad,"Nacharam_TSIIC IALA, Hyderabad - TSPCB",2025-11-24 19:00:00,17.429398,78.569354,27.0,4.0,11.0,27.0,89.0,62.0,11.0,7,2025-11-24 19:00:00,19,0,358.9940828402367,89.0,Very Poor
India,Telangana,Hyderabad,"New Malakpet, Hyderabad - TSPCB",2025-11-24 19:00:00,17.37206,78.50864,37.0,3.0,13.0,22.0,90.0,76.0,15.0,7,2025-11-24 19:00:00,19,0,419.5625,90.0,Severe
India,Telangana,Hyderabad,"Ramachandrapuram, Hyderabad - TSPCB",2025-11-24 19:00:00,17.528544,78.286195,26.0,2.0,11.0,31.0,69.0,45.0,13.0,7,2025-11-24 19:00:00,19,0,353.1360946745562,69.0,Very Poor
India,Telangana,Hyderabad,"Sanathnagar, Hyderabad - TSPCB",2025-11-24 19:00:00,17.4559458,78.4332152,41.0,,27.0,14.0,,65.0,12.0,5,2025-11-24 19:00:00,19,0,444.3125,65.0,Severe
India,Telangana,Hyderabad,"Somajiguda, Hyderabad - TSPCB",2025-11-24 19:00:00,17.417094,78.457437,25.0,4.0,15.0,33.0,71.0,67.0,19.0,7,2025-11-24 19:00:00,19,0,347.27810650887574,71.0,Very Poor
India,Telangana,Hyderabad,"Zoo Park, Hyderabad - TSPCB",2025-11-24 19:00:00,17.349694,78.451437,88.0,3.0,30.0,23.0,112.0,152.0,4.0,7,2025-11-24 19:00:00,19,0,324.7906976744186,152.0,Very Poor
India,Tripura,Agartala,"Bardowali, Agartala - Tripura SPCB",2025-11-24 19:00:00,23.8175497,91.2726974,,2.0,,4.0,,118.0,28.0,4,2025-11-24 19:00:00,19,0,293.17241379310343,118.0,Poor
India,Uttar_Pradesh,Agra,"Manoharpur, Agra - UPPCB",2025-11-24 19:00:00,27.23711,78.01936,26.0,2.0,27.0,10.0,139.0,149.0,57.0,7,2025-11-24 19:00:00,19,0,353.1360946745562,149.0,Very Poor
India,Uttar_Pradesh,Agra,"Rohta, Agra - UPPCB",2025-11-24 19:00:00,27.106972,78.000111,49.0,7.0,18.0,13.0,178.0,,33.0,6,2025-11-24 19:00:00,19,0,493.8125,178.0,Severe
India,Uttar_Pradesh,Agra,"Sanjay Palace, Agra - UPPCB",2025-11-24 19:00:00,27.19865833,78.00598056,39.0,,15.0,107.0,120.0,151.0,16.0,6,2025-11-24 19:00:00,19,0,431.9375,151.0,Severe
India,Uttar_Pradesh,Agra,"Sector-3B Avas Vikas Colony, Agra - UPPCB",2025-11-24 19:00:00,27.19412,77.96237,18.0,8.0,28.0,11.0,196.0,,9.0,6,2025-11-24 19:00:00,19,0,306.2721893491124,196.0,Very Poor
India,Uttar_Pradesh,Agra,"Shahjahan Garden, Agra - UPPCB",2025-11-24 19:00:00,27.169338,78.03582,39.0,,20.0,8.0,175.0,99.0,21.0,6,2025-11-24 19:00:00,19,0,431.9375,175.0,Severe
India,Uttar_Pradesh,Agra,"Shastripuram, Agra - UPPCB",2025-11-24 19:00:00,27.19862,77.92066,28.0,3.0,41.0,7.0,150.0,77.0,17.0,7,2025-11-24 19:00:00,19,0,364.85207100591714,150.0,Very Poor
India,Uttar_Pradesh,Baghpat,"Sardar Patel Inter College, Baghpat - UPPCB",2025-11-24 19:00:00,28.964949,77.278761,27.0,8.0,80.0,70.0,245.0,319.0,18.0,7,2025-11-24 19:00:00,19,0,413.42,319.0,Severe
India,Uttar_Pradesh,Bareilly,"Civil Lines, Bareilly - UPPCB",2025-11-24 19:00:00,28.359581,79.414455,86.0,2.0,2.0,16.0,84.0,62.0,17.0,7,2025-11-24 19:00:00,19,0,104.41379310344827,86.0,Moderate
India,Uttar_Pradesh,Bareilly,"Rajendra Nagar, Bareilly - UPPCB",2025-11-24 19:00:00,28.38910936,79.42963708,30.0,1.0,10.0,1.0,144.0,103.0,35.0,7,2025-11-24 19:00:00,19,0,376.56804733727813,144.0,Very Poor
India,Uttar_Pradesh,Bulandshahr,"Yamunapuram, Bulandshahr - UPPCB",2025-11-24 19:00:00,28.406963,77.849831,60.0,17.0,117.0,93.0,283.0,358.0,36.0,7,2025-11-24 19:00:00,19,0,420.44,358.0,Severe
India,Uttar_Pradesh,Firozabad,"Nagla Bhau, Firozabad - UPPCB",2025-11-24 19:00:00,27.168897,78.37696,18.0,2.0,17.0,2.0,93.0,67.0,21.0,7,2025-11-24 19:00:00,19,0,306.2721893491124,93.0,Very Poor
India,Uttar_Pradesh,Firozabad,"Vibhab Nagar, Firozabad - UPPCB",2025-11-24 19:00:00,27.1594,78.3953,22.0,,,1.0,,,,2,2025-11-24 19:00:00,19,0,329.70414201183434,22.0,Very Poor
India,Uttar_Pradesh,Ghaziabad,"Indirapuram, Ghaziabad - UPPCB",2025-11-24 19:00:00,28.646233,77.358075,64.0,12.0,83.0,130.0,,,25.0,5,2025-11-24 19:00:00,19,0,143.85074626865674,130.0,Moderate
India,Uttar_Pradesh,Ghaziabad,"Loni, Ghaziabad - UPPCB",2025-11-24 19:00:00,28.757294,77.278792,73.0,9.0,114.0,49.0,331.0,397.0,27.0,7,2025-11-24 19:00:00,19,0,427.46,397.0,Severe
India,Uttar_Pradesh,Ghaziabad,"Sanjay Nagar, Ghaziabad - UPPCB",2025-11-24 19:00:00,28.685382,77.453839,49.0,7.0,92.0,46.0,302.0,359.0,17.0,7,2025-11-24 19:00:00,19,0,493.8125,359.0,Severe
India,Uttar_Pradesh,Ghaziabad,"Vasundhara, Ghaziabad - UPPCB",2025-11-24 19:00:00,28.6603346,77.3572563,63.0,27.0,138.0,23.0,397.0,394.0,21.0,7,2025-11-24 19:00:00,19,0,426.92,397.0,Severe
India,Uttar_Pradesh,Gorakhpur,"Madan Mohan Malaviya University of Technology, Gorakhpur - UPPCB",2025-11-24 19:00:00,26.730136,83.433859,7.0,1.0,11.0,,64.0,61.0,33.0,6,2025-11-24 19:00:00,19,0,162.40506329113924,64.0,Moderate
India,Uttar_Pradesh,Greater Noida,"Knowledge Park - III, Greater Noida - UPPCB",2025-11-24 19:00:00,28.47272,77.482,92.0,12.0,107.0,89.0,338.0,331.0,26.0,7,2025-11-24 19:00:00,19,0,415.58,338.0,Severe
India,Uttar_Pradesh,Greater Noida,"Knowledge Park - V, Greater Noida - UPPCB",2025-11-24 19:00:00,28.557054,77.453663,69.0,13.0,115.0,146.0,432.0,434.0,14.0,7,2025-11-24 19:00:00,19,0,434.12,434.0,Severe
India,Uttar_Pradesh,Hapur,"Anand Vihar, Hapur - UPPCB",2025-11-24 19:00:00,28.725645,77.749675,62.0,6.0,38.0,50.0,338.0,414.0,35.0,7,2025-11-24 19:00:00,19,0,430.52,414.0,Severe
India,Uttar_Pradesh,Jhansi,"Shivaji Nagar, Jhansi - UPPCB",2025-11-24 19:00:00,25.4547,78.6039,36.0,4.0,6.0,2.0,57.0,42.0,15.0,7,2025-11-24 19:00:00,19,0,413.375,57.0,Severe
India,Uttar_Pradesh,Kanpur,"FTI Kidwai Nagar, Kanpur - UPPCB",2025-11-24 19:00:00,26.428282,80.327067,42.0,2.0,25.0,16.0,,157.0,30.0,6,2025-11-24 19:00:00,19,0,450.5,157.0,Severe
India,Uttar_Pradesh,Kanpur,"NSI Kalyanpur, Kanpur - UPPCB",2025-11-24 19:00:00,26.509954,80.249612,52.0,3.0,22.0,17.0,114.0,141.0,18.0,7,2025-11-24 19:00:00,19,0,316.3488372093023,141.0,Very Poor
India,Uttar_Pradesh,Kanpur,"Nehru Nagar, Kanpur - UPPCB",2025-11-24 19:00:00,26.4703136,80.3229863,36.0,,31.0,24.0,151.0,245.0,10.0,6,2025-11-24 19:00:00,19,0,413.375,245.0,Severe
India,Uttar_Pradesh,Khurja,"Kalindi Kunj, Khurja - UPPCB",2025-11-24 19:00:00,28.2348927,77.8683002,47.0,1.0,7.0,170.0,294.0,301.0,15.0,7,2025-11-24 19:00:00,19,0,481.4375,301.0,Severe
India,Uttar_Pradesh,Lucknow,"B R Ambedkar University, Lucknow - UPPCB",2025-11-24 19:00:00,26.766433,80.927299,58.0,9.0,22.0,27.0,170.0,220.0,24.0,7,2025-11-24 19:00:00,19,0,376.9767441860465,220.0,Very Poor
India,Uttar_Pradesh,Lucknow,"Gomti Nagar, Lucknow - UPPCB",2025-11-24 19:00:00,26.86812,81.005119,37.0,,8.0,38.0,112.0,192.0,11.0,6,2025-11-24 19:00:00,19,0,419.5625,192.0,Severe
India,Uttar_Pradesh,Lucknow,"Kendriya Vidyalaya, Lucknow - CPCB",2025-11-24 19:00:00,26.906111,80.948222,57.0,14.0,33.0,61.0,158.0,230.0,8.0,7,2025-11-24 19:00:00,19,0,384.6511627906977,230.0,Very Poor
India,Uttar_Pradesh,Lucknow,"Kukrail Picnic Spot-1, Lucknow - UPPCB",2025-11-24 19:00:00,26.90723,80.98579,13.0,5.0,32.0,22.0,119.0,122.0,42.0,7,2025-11-24 19:00:00,19,0,301.7674418604651,122.0,Very Poor
India,Uttar_Pradesh,Lucknow,"Lalbagh, Lucknow - CPCB",2025-11-24 19:00:00,26.8458805,80.9365541,101.0,17.0,44.0,62.0,270.0,262.0,8.0,7,2025-11-24 19:00:00,19,0,403.16,270.0,Severe
India,Uttar_Pradesh,Lucknow,"Talkatora District Industries Center, Lucknow - CPCB",2025-11-24 19:00:00,26.83399722,80.8917361,11.0,12.0,54.0,40.0,185.0,179.0,9.0,7,2025-11-24 19:00:00,19,0,345.51162790697674,185.0,Very Poor
India,Uttar_Pradesh,Meerut,"Ganga Nagar, Meerut - UPPCB",2025-11-24 19:00:00,28.999264,77.7590354,41.0,5.0,74.0,73.0,329.0,282.0,25.0,7,2025-11-24 19:00:00,19,0,444.3125,329.0,Severe
India,Uttar_Pradesh,Meerut,"Jai Bhim Nagar, Meerut - UPPCB",2025-11-24 19:00:00,28.9535882,77.7622941,73.0,35.0,66.0,134.0,337.0,347.0,10.0,7,2025-11-24 19:00:00,19,0,418.46,347.0,Severe
India,Uttar_Pradesh,Meerut,"Pallavpuram Phase 2, Meerut - UPPCB",2025-11-24 19:00:00,29.06351,77.709723,41.0,9.0,52.0,97.0,323.0,358.0,15.0,7,2025-11-24 19:00:00,19,0,444.3125,358.0,Severe
India,Uttar_Pradesh,Moradabad,"Buddhi Vihar, Moradabad - UPPCB",2025-11-24 19:00:00,28.83526,78.7446,53.0,5.0,29.0,18.0,136.0,141.0,77.0,7,2025-11-24 19:00:00,19,0,316.3488372093023,141.0,Very Poor
India,Uttar_Pradesh,Moradabad,"Eco Herbal Park, Moradabad - UPPCB",2025-11-24 19:00:00,28.840739,78.697531,49.0,1.0,8.0,69.0,227.0,270.0,17.0,7,2025-11-24 19:00:00,19,0,493.8125,270.0,Severe
India,Uttar_Pradesh,Moradabad,"Employment Office, Moradabad - UPPCB",2025-11-24 19:00:00,28.88528,78.7388,32.0,4.0,16.0,19.0,130.0,161.0,21.0,7,2025-11-24 19:00:00,19,0,388.28402366863907,161.0,Very Poor
India,Uttar_Pradesh,Moradabad,"Jigar Colony, Moradabad - UPPCB",2025-11-24 19:00:00,28.856664,78.772638,40.0,6.0,25.0,21.0,106.0,91.0,38.0,7,2025-11-24 19:00:00,19,0,438.125,106.0,Severe
India,Uttar_Pradesh,Moradabad,"Kashiram Nagar, Moradabad - UPPCB",2025-11-24 19:00:00,28.849399,78.742362,40.0,4.0,25.0,27.0,134.0,168.0,124.0,7,2025-11-24 19:00:00,19,0,438.125,168.0,Severe
India,Uttar_Pradesh,Moradabad,"Transport Nagar, Moradabad - UPPCB",2025-11-24 19:00:00,28.802625,78.753728,34.0,5.0,30.0,43.0,115.0,137.0,35.0,7,2025-11-24 19:00:00,19,0,400.0,137.0,Very Poor
India,Uttar_Pradesh,Muzaffarnagar,"New Mandi, Muzaffarnagar - UPPCB",2025-11-24 19:00:00,29.4723508,77.7194031,59.0,14.0,89.0,16.0,189.0,314.0,22.0,7,2025-11-24 19:00:00,19,0,412.52,314.0,Severe
India,Uttar_Pradesh,Noida,"Sector - 125, Noida - UPPCB",2025-11-24 19:00:00,28.5447608,77.3231257,39.0,18.0,71.0,41.0,324.0,416.0,14.0,7,2025-11-24 19:00:00,19,0,431.9375,416.0,Severe
India,Uttar_Pradesh,Noida,"Sector - 62, Noida - IMD",2025-11-24 19:00:00,28.6245479,77.3577104,47.0,,77.0,75.0,325.0,366.0,,5,2025-11-24 19:00:00,19,0,481.4375,366.0,Severe
India,Uttar_Pradesh,Noida,"Sector-1, Noida - UPPCB",2025-11-24 19:00:00,28.5898,77.3101,55.0,19.0,143.0,108.0,374.0,399.0,22.0,7,2025-11-24 19:00:00,19,0,427.82,399.0,Severe
India,Uttar_Pradesh,Noida,"Sector-116, Noida - UPPCB",2025-11-24 19:00:00,28.56923,77.393848,68.0,10.0,49.0,106.0,393.0,,,5,2025-11-24 19:00:00,19,0,353.63291139240505,393.0,Very Poor
India,Uttar_Pradesh,Prayagraj,"Jhunsi, Prayagraj - UPPCB",2025-11-24 19:00:00,25.425602,81.917152,47.0,5.0,6.0,22.0,186.0,145.0,9.0,7,2025-11-24 19:00:00,19,0,481.4375,186.0,Severe
India,Uttar_Pradesh,Prayagraj,"Motilal Nehru NIT, Prayagraj - UPPCB",2025-11-24 19:00:00,25.494,81.863,38.0,8.0,12.0,37.0,137.0,149.0,34.0,7,2025-11-24 19:00:00,19,0,425.75,149.0,Severe
India,Uttar_Pradesh,Prayagraj,"Nagar Nigam, Prayagraj - UPPCB",2025-11-24 19:00:00,25.44919916,81.82735986,50.0,,,13.0,,,,2,2025-11-24 19:00:00,19,0,500.0,50.0,Severe
India,Uttar_Pradesh,Varanasi,"Ardhali Bazar, Varanasi - UPPCB",2025-11-24 19:00:00,25.3505986,82.9083074,14.0,,93.0,13.0,137.0,94.0,10.0,6,2025-11-24 19:00:00,19,0,256.95652173913044,137.0,Poor
India,Uttar_Pradesh,Varanasi,"Bhelupur, Varanasi - UPPCB",2025-11-24 19:00:00,25.301778,82.996789,31.0,1.0,8.0,2.0,115.0,155.0,28.0,7,2025-11-24 19:00:00,19,0,382.4260355029586,155.0,Very Poor
India,Uttar_Pradesh,Varanasi,"IESD Banaras Hindu University, Varanasi - UPPCB",2025-11-24 19:00:00,25.262326,82.995408,18.0,3.0,2.0,25.0,141.0,152.0,30.0,7,2025-11-24 19:00:00,19,0,324.7906976744186,152.0,Very Poor
India,Uttar_Pradesh,Varanasi,"Maldahiya, Varanasi - UPPCB",2025-11-24 19:00:00,25.32393,82.99687,33.0,,2.0,6.0,104.0,124.0,28.0,6,2025-11-24 19:00:00,19,0,394.14201183431953,124.0,Very Poor
India,Uttar_Pradesh,Vrindavan,"Omex Eternity, Vrindavan - UPPCB",2025-11-24 19:00:00,27.571409,77.655757,46.0,3.0,12.0,15.0,142.0,102.0,12.0,7,2025-11-24 19:00:00,19,0,475.25,142.0,Severe
India,Uttarakhand,Dehradun,"Doon University, Dehradun - UKPCB",2025-11-24 19:00:00,30.269444,78.044167,36.0,,2.0,56.0,79.0,130.0,2.0,6,2025-11-24 19:00:00,19,0,413.375,130.0,Severe
India,Uttarakhand,Kashipur,"Govt. Girls Inter College, Kashipur - UKPCB",2025-11-24 19:00:00,29.2124114,78.9611753,35.0,5.0,16.0,2.0,106.0,144.0,8.0,7,2025-11-24 19:00:00,19,0,407.1875,144.0,Severe
India,Uttarakhand,Rishikesh,"Shivaji Nagar, Rishikesh - UKPCB",2025-11-24 19:00:00,30.075911,78.2859547,31.0,7.0,15.0,34.0,88.0,101.0,5.0,7,2025-11-24 19:00:00,19,0,382.4260355029586,101.0,Very Poor
India,West_Bengal,Asansol,"Asansol Court Area, Asansol - WBPCB",2025-11-24 19:00:00,23.685297,86.945968,45.0,5.0,23.0,60.0,132.0,213.0,20.0,7,2025-11-24 19:00:00,19,0,469.0625,213.0,Severe
India,West_Bengal,Asansol,"Evelyn Lodge, Asansol - WBPCB",2025-11-24 19:00:00,23.697936,86.944395,28.0,3.0,23.0,41.0,131.0,193.0,13.0,7,2025-11-24 19:00:00,19,0,364.85207100591714,193.0,Very Poor
India,West_Bengal,Asansol,"Mahabir Colliery, Asansol - WBPCB",2025-11-24 19:00:00,23.618183,87.105718,52.0,1.0,32.0,45.0,139.0,283.0,9.0,7,2025-11-24 19:00:00,19,0,406.94,283.0,Severe
India,West_Bengal,Asansol,"Trivenidevi Bhalotia College, Asansol - WBPCB",2025-11-24 19:00:00,23.616515,87.119133,48.0,6.0,36.0,68.0,136.0,199.0,8.0,7,2025-11-24 19:00:00,19,0,487.625,199.0,Severe
India,West_Bengal,Barrackpore,"SVSPA Campus, Barrackpore - WBPCB",2025-11-24 19:00:00,22.7605581,88.3617589,55.0,7.0,26.0,37.0,119.0,166.0,10.0,7,2025-11-24 19:00:00,19,0,335.5348837209302,166.0,Very Poor
India,West_Bengal,Durgapur,"Mahishkapur Road_B-Zone, Durgapur - WBPCB",2025-11-24 19:00:00,23.567923,87.306843,57.0,2.0,27.0,85.0,153.0,143.0,24.0,7,2025-11-24 19:00:00,19,0,317.8837209302326,153.0,Very Poor
India,West_Bengal,Durgapur,"PCBL Residential Complex, Durgapur - WBPCB",2025-11-24 19:00:00,23.508764,87.35444,49.0,7.0,21.0,23.0,109.0,117.0,4.0,7,2025-11-24 19:00:00,19,0,493.8125,117.0,Severe
India,West_Bengal,Durgapur,"Womens College_City Center, Durgapur - WBPCB (Formerly known as Sidhu Kanhu Indoor Stadium)",2025-11-24 19:00:00,23.549395,87.300496,44.0,2.0,24.0,44.0,144.0,138.0,20.0,7,2025-11-24 19:00:00,19,0,462.875,144.0,Severe
India,West_Bengal,Haldia,"Priyambada Housing Estate, Haldia - WBPCB",2025-11-24 19:00:00,22.06047,88.109737,36.0,3.0,27.0,31.0,154.0,255.0,15.0,7,2025-11-24 19:00:00,19,0,413.375,255.0,Severe
India,West_Bengal,Howrah,"Belur Math, Howrah - WBPCB",2025-11-24 19:00:00,22.629801,88.352017,36.0,10.0,32.0,37.0,153.0,290.0,10.0,7,2025-11-24 19:00:00,19,0,413.375,290.0,Severe
India,West_Bengal,Howrah,"Botanical Garden, Howrah - WBPCB",2025-11-24 19:00:00,22.554954,88.292568,27.0,3.0,12.0,37.0,109.0,124.0,11.0,7,2025-11-24 19:00:00,19,0,358.9940828402367,124.0,Very Poor
India,West_Bengal,Howrah,"Dasnagar, Howrah - WBPCB",2025-11-24 19:00:00,22.6025571,88.3105664,43.0,2.0,48.0,123.0,143.0,217.0,12.0,7,2025-11-24 19:00:00,19,0,456.6875,217.0,Severe
India,West_Bengal,Howrah,"Ghusuri, Howrah - WBPCB",2025-11-24 19:00:00,22.611968,88.347422,21.0,11.0,26.0,27.0,136.0,175.0,8.0,7,2025-11-24 19:00:00,19,0,342.4418604651163,175.0,Very Poor
India,West_Bengal,Howrah,"Padmapukur, Howrah - WBPCB",2025-11-24 19:00:00,22.5687319,88.2797276,25.0,6.0,26.0,82.0,,,9.0,5,2025-11-24 19:00:00,19,0,347.27810650887574,82.0,Very Poor
India,West_Bengal,Kolkata,"Ballygunge, Kolkata - WBPCB",2025-11-24 19:00:00,22.5367507,88.3638022,37.0,9.0,47.0,50.0,133.0,152.0,13.0,7,2025-11-24 19:00:00,19,0,419.5625,152.0,Severe
India,West_Bengal,Kolkata,"Bidhannagar, Kolkata - WBPCB",2025-11-24 19:00:00,22.58157048,88.41002457,65.0,9.0,18.0,30.0,121.0,113.0,9.0,7,2025-11-24 19:00:00,19,0,276.1034482758621,121.0,Poor
India,West_Bengal,Kolkata,"Fort William, Kolkata - WBPCB",2025-11-24 19:00:00,22.55664,88.342674,31.0,7.0,9.0,64.0,146.0,203.0,12.0,7,2025-11-24 19:00:00,19,0,382.4260355029586,203.0,Very Poor
India,West_Bengal,Kolkata,"Jadavpur, Kolkata - WBPCB",2025-11-24 19:00:00,22.49929,88.36917,28.0,8.0,70.0,35.0,225.0,282.0,4.0,7,2025-11-24 19:00:00,19,0,406.76,282.0,Severe
India,West_Bengal,Kolkata,"Rabindra Bharati University, Kolkata - WBPCB",2025-11-24 19:00:00,22.627847,88.380669,41.0,12.0,52.0,80.0,132.0,152.0,8.0,7,2025-11-24 19:00:00,19,0,444.3125,152.0,Severe
India,West_Bengal,Kolkata,"Rabindra Sarobar, Kolkata - WBPCB",2025-11-24 19:00:00,22.51106,88.35142,49.0,12.0,121.0,91.0,104.0,111.0,9.0,7,2025-11-24 19:00:00,19,0,493.8125,121.0,Severe
India,West_Bengal,Kolkata,"Victoria, Kolkata - WBPCB",2025-11-24 19:00:00,22.5448082,88.3403691,23.0,4.0,18.0,38.0,148.0,301.0,13.0,7,2025-11-24 19:00:00,19,0,410.18,301.0,Severe
India,West_Bengal,Siliguri,"Ward-32 Bapupara, Siliguri - WBPCB",2025-11-24 19:00:00,26.6879226,88.4152495,40.0,11.0,24.0,64.0,101.0,117.0,15.0,7,2025-11-24 19:00:00,19,0,438.125,117.0,Severe
