country,state,city,station,last_update,PC1,PC2,AQI_official,AQI_category
India,Andaman and Nicobar,Sri Vijaya Puram,"Police Line, Sri Vijaya Puram - ANPCC",2025-11-24 19:00:00,-0.7869183841279763,0.43649713800463263,200.0,Moderate
India,Andhra_Pradesh,Amaravati,"Secretariat, Amaravati - APPCB",2025-11-24 19:00:00,-1.6706309830164336,-0.5632858294537422,323.8461538461538,Very Poor
India,Andhra_Pradesh,Anantapur,"Gulzarpet, Anantapur - APPCB",2025-11-24 19:00:00,-1.9584132785631456,-0.2718926211789797,353.1360946745562,Very Poor
India,Andhra_Pradesh,Kadapa,"Yerramukkapalli, Kadapa - APPCB",2025-11-24 19:00:00,-1.7505329521251352,-0.07518297772429745,388.2840236686391,Very Poor
India,Andhra_Pradesh,Rajamahendravaram,"Anand Kala Kshetram, Rajamahendravaram - APPCB",2025-11-24 19:00:00,-1.3479823408164648,0.09126132741450442,382.4260355029586,Very Poor
India,Andhra_Pradesh,Tirumala,"Toll Gate, Tirumala - APPCB",2025-11-24 19:00:00,-2.611325780866619,-0.3791169747321143,364.85207100591714,Very Poor
India,Andhra_Pradesh,Vijayawada,"HB Colony, Vijayawada - APPCB",2025-11-24 19:00:00,-1.4235048722205375,0.010074120705587244,388.2840236686391,Very Poor
India,Andhra_Pradesh,Vijayawada,"Rajiv Gandhi Park, Vijayawada - APPCB",2025-11-24 19:00:00,-1.3803323239867913,-0.13184883485548934,394.14201183431953,Very Poor
India,Andhra_Pradesh,Vijayawada,"Rajiv Nagar, Vijayawada - APPCB",2025-11-24 19:00:00,-0.614829587898244,-0.6360949835252722,407.1875,Severe
India,Andhra_Pradesh,Visakhapatnam,"GVM Corporation, Visakhapatnam - APPCB",2025-11-24 19:00:00,-0.827554545161703,-0.46565861565475675,317.98816568047334,Very Poor
India,Arunachal_Pradesh,Naharlagun,"Naharlagun, Naharlagun - APSPCB",2025-11-24 19:00:00,-2.471181157802915,-0.2397033827444654,187.46835443037972,Moderate
India,Assam,Byrnihat,"Central Academy for SFS, Byrnihat - PCBA",2025-11-24 19:00:00,-1.3900508138581695,-0.359236777081614,487.625,Severe
India,Assam,Guwahati,"IITG, Guwahati - PCBA",2025-11-24 19:00:00,-1.7901733177713968,0.8461292144366753,187.46835443037972,Moderate
India,Assam,Guwahati,"LGBI Airport, Guwahati - PCBA",2025-11-24 19:00:00,-1.438333182452987,0.10024982183887782,481.4375,Severe
India,Assam,Guwahati,"Pan Bazaar, Guwahati - PCBA",2025-11-24 19:00:00,-1.7075222466741202,1.3930411885123621,317.98816568047334,Very Poor
India,Assam,Guwahati,"Railway Colony, Guwahati - PCBA",2025-11-24 19:00:00,-1.3488721619470463,1.0520991658581385,364.85207100591714,Very Poor
India,Assam,Nagaon,"Christianpatty, Nagaon - PCBA",2025-11-24 19:00:00,-2.172236499557099,0.10665996637427053,72.9655172413793,Satisfactory
India,Assam,Nalbari,"Bata Chowk, Nalbari - PCBA",2025-11-24 19:00:00,-2.024918017078232,-0.37950792641135367,323.8461538461538,Very Poor
India,Assam,Silchar,"Tarapur, Silchar - PCBA",2025-11-24 19:00:00,-2.0618096014572043,-0.39152352539589835,444.3125,Severe
India,Assam,Sivasagar,"Girls College, Sivasagar - PCBA",2025-11-24 19:00:00,-1.6813710601938658,-0.6029631301879939,317.98816568047334,Very Poor
India,Bihar,Araria,"Kharahiya Basti, Araria - BSPCB",2025-11-24 19:00:00,-0.8226698628921602,0.734443676163738,382.4260355029586,Very Poor
India,Bihar,Arrah,"New DM Office, Arrah - BSPCB",2025-11-24 19:00:00,-1.0674858366432243,0.15297453665875213,336.30232558139534,Very Poor
India,Bihar,Aurangabad,"Gurdeo Nagar, Aurangabad - BSPCB",2025-11-24 19:00:00,-0.14283103896140914,0.14565396646271014,28.0,Good
India,Bihar,Begusarai,"Lohiyanagar, Begusarai - BSPCB",2025-11-24 19:00:00,-1.5836784435141602,-0.07391707176261932,388.2840236686391,Very Poor
India,Bihar,Bettiah,"Kamalnath Nagar, Bettiah - BSPCB",2025-11-24 19:00:00,-0.5865990692509908,-0.1914815606312292,316.3488372093023,Very Poor
India,Bihar,Bhagalpur,"DM Office_Kachari Chowk, Bhagalpur - BSPCB",2025-11-24 19:00:00,-1.7420144656624055,2.1704558192853693,242.6086956521739,Poor
India,Bihar,Bhagalpur,"Mayaganj, Bhagalpur - BSPCB",2025-11-24 19:00:00,0.40542833221005287,2.213300599104803,305.6046511627907,Very Poor
India,Bihar,Bihar Sharif,"D M Colony, Bihar Sharif - BSPCB",2025-11-24 19:00:00,-1.5903253690796093,-0.21690645478781334,285.6521739130435,Poor
India,Bihar,Buxar,"Charitra Van, Buxar - BSPCB",2025-11-24 19:00:00,-0.9373067443093049,-0.9477864699253565,341.42011834319527,Very Poor
India,Bihar,Chhapra,"Darshan Nagar, Chhapra - BSPCB",2025-11-24 19:00:00,-2.011948544928218,0.4219751997859561,213.91304347826087,Poor
India,Bihar,Gaya,"Collectorate, Gaya - BSPCB",2025-11-24 19:00:00,-0.3229264447791847,0.10555988283989587,475.25,Severe
India,Bihar,Gaya,"Kareemganj, Gaya - BSPCB",2025-11-24 19:00:00,-0.4173004460736291,0.3315956325270887,413.375,Severe
India,Bihar,Gaya,"SFTI Kusdihra, Gaya - BSPCB",2025-11-24 19:00:00,-1.7806843468914566,-0.5520986727268428,376.5680473372781,Very Poor
India,Bihar,Hajipur,"Industrial Area, Hajipur - BSPCB",2025-11-24 19:00:00,0.889851021448731,-1.198646926137899,370.0697674418605,Very Poor
India,Bihar,Katihar,"Mirchaibari, Katihar - BSPCB",2025-11-24 19:00:00,-0.9072516952842823,0.9393820990341671,269.2758620689655,Poor
India,Bihar,Kishanganj,"SDM Office_Khagra, Kishanganj - BSPCB",2025-11-24 19:00:00,-2.0658565187924784,-0.3247194956386284,323.8461538461538,Very Poor
India,Bihar,Manguraha,"Forest Rest House, Manguraha - BSPCB",2025-11-24 19:00:00,-1.3338913401798482,0.5207737124383369,394.14201183431953,Very Poor
India,Bihar,Motihari,"Gandak Colony, Motihari - BSPCB",2025-11-24 19:00:00,-1.2898981719197562,-0.3859838511115743,487.625,Severe
India,Bihar,Munger,"Town Hall, Munger - BSPCB",2025-11-24 19:00:00,-0.9682558778891092,0.506711223720663,351.6511627906977,Very Poor
India,Bihar,Muzaffarpur,"Buddha Colony, Muzaffarpur - BSPCB",2025-11-24 19:00:00,0.9058043202179238,-1.4308801172953711,386.1860465116279,Very Poor
India,Bihar,Muzaffarpur,"MIT-Daudpur Kothi, Muzaffarpur - BSPCB",2025-11-24 19:00:00,-1.287452374745295,-0.569091236939694,204.41379310344828,Poor
India,Bihar,Muzaffarpur,"Muzaffarpur Collectorate, Muzaffarpur - BSPCB",2025-11-24 19:00:00,-1.2986231836757782,-0.6238622691991658,256.95652173913044,Poor
India,Bihar,Patna,"DRM Office Danapur, Patna - BSPCB",2025-11-24 19:00:00,0.8166026404308631,-0.4156853182899276,327.86046511627904,Very Poor
India,Bihar,Patna,"Govt. High School Shikarpur, Patna - BSPCB",2025-11-24 19:00:00,-0.8075020012541128,-0.12210816538051353,118.06896551724138,Moderate
India,Bihar,Patna,"IGSC Planetarium Complex, Patna - BSPCB",2025-11-24 19:00:00,-0.07319782376430016,0.23432956786091286,493.8125,Severe
India,Bihar,Patna,"Muradpur, Patna - BSPCB",2025-11-24 19:00:00,-0.645296829813151,-0.2813141350942805,469.0625,Severe
India,Bihar,Patna,"Rajbansi Nagar, Patna - BSPCB",2025-11-24 19:00:00,0.8763195433506393,-0.4540675162585962,315.5813953488372,Very Poor
India,Bihar,Patna,"Samanpura, Patna - BSPCB",2025-11-24 19:00:00,-0.40213837653209616,-0.6583890241742089,324.7906976744186,Very Poor
India,Bihar,Purnia,"Mariam Nagar, Purnia - BSPCB",2025-11-24 19:00:00,-1.1663471761978519,0.10869239735076983,265.8620689655172,Poor
India,Bihar,Rajgir,"Dangi Tola, Rajgir - BSPCB",2025-11-24 19:00:00,-0.1330719611496892,0.5579372686611755,322.48837209302326,Very Poor
India,Bihar,Saharsa,"Police Line, Saharsa - BSPCB",2025-11-24 19:00:00,-1.1979837226395793,0.6174802453415839,431.9375,Severe
India,Bihar,Samastipur,"DM Office_Kasipur, Samastipur - BSPCB",2025-11-24 19:00:00,-1.6914727811622274,1.2686994196174668,204.41379310344828,Poor
India,Bihar,Sasaram,"Dada Peer, Sasaram - BSPCB",2025-11-24 19:00:00,-1.1796966448121236,-0.5519207326236536,475.25,Severe
India,Bihar,Siwan,"Chitragupta Nagar, Siwan - BSPCB",2025-11-24 19:00:00,-0.9174109961158484,-0.4232205112190464,200.0,Moderate
India,Chandigarh,Chandigarh,"Sector 22, Chandigarh - CPCC",2025-11-24 19:00:00,1.5956806735092697,-0.41590173317665485,322.48837209302326,Very Poor
India,Chandigarh,Chandigarh,"Sector-25, Chandigarh - CPCC",2025-11-24 19:00:00,-0.6301846628282789,-0.41740825278868243,388.2840236686391,Very Poor
India,Chandigarh,Chandigarh,"Sector-53, Chandigarh - CPCC",2025-11-24 19:00:00,1.634847876006922,-0.21599224057261043,336.30232558139534,Very Poor
India,Chhattisgarh,Bhilai,"32Bungalows, Bhilai - CECB",2025-11-24 19:00:00,-1.2949831687433995,-0.40059307045197395,353.1360946745562,Very Poor
India,Chhattisgarh,Bhilai,"Civic Center, Bhilai - Bhilai Steel Plant",2025-11-24 19:00:00,-2.26268338053764,-0.2597777765148825,370.7100591715976,Very Poor
India,Chhattisgarh,Bhilai,"Hathkhoj, Bhilai - CECB",2025-11-24 19:00:00,-0.431509334634944,0.27005081879045134,353.1360946745562,Very Poor
India,Chhattisgarh,Bilaspur,"Mangala, Bilaspur - NTPC",2025-11-24 19:00:00,-0.9391751961514455,0.19950087226702345,400.0,Very Poor
India,Chhattisgarh,Chhal,"Nawapara SECL Colony, Chhal - CECB",2025-11-24 19:00:00,-0.9951932669191127,-0.4617397480631751,400.0,Very Poor
India,Chhattisgarh,Korba,"Rampur, Korba - CECB",2025-11-24 19:00:00,-1.8729136353589986,-0.5516267097868874,335.5621301775148,Very Poor
India,Chhattisgarh,Korba,"Urja Nagar, Korba - CECB",2025-11-24 19:00:00,-1.5187638014207179,0.005739212376686718,364.85207100591714,Very Poor
India,Chhattisgarh,Kunjemura,"OP Jindal School, Kunjemura - CECB",2025-11-24 19:00:00,-1.6908609903750644,-0.541353371211349,358.9940828402367,Very Poor
India,Chhattisgarh,Milupara,"Govt. Higher Secondary School, Milupara - CECB",2025-11-24 19:00:00,0.16919135435956528,-0.4735665313551725,370.7100591715976,Very Poor
India,Chhattisgarh,Raipur,"AIIMS, Raipur - CECB",2025-11-24 19:00:00,-1.30404790952855,-0.3793019792859616,450.5,Severe
India,Chhattisgarh,Raipur,"Krishak Nagar, Raipur - CECB",2025-11-24 19:00:00,-2.0809567593817113,-0.6908840686124291,335.5621301775148,Very Poor
India,Chhattisgarh,Raipur,"Siltara Phase-II, Raipur - CECB",2025-11-24 19:00:00,-1.9151419032902786,-0.3795074539089872,407.1875,Severe
India,Chhattisgarh,Tumidih,"OP Jindal Industrial Park, Tumidih - CECB",2025-11-24 19:00:00,-0.8423401520057107,-0.8511102004703628,370.7100591715976,Very Poor
India,Delhi,Delhi,"Alipur, Delhi - DPCC",2025-11-24 19:00:00,4.594402923689968,-0.19023132604304896,424.76,Severe
India,Delhi,Delhi,"Anand Vihar, Delhi - DPCC",2025-11-24 19:00:00,5.632507589258732,2.7627946394742895,431.24,Severe
India,Delhi,Delhi,"Ashok Vihar, Delhi - DPCC",2025-11-24 19:00:00,3.6294158205378184,0.13477579718979307,429.44,Severe
India,Delhi,Delhi,"Aya Nagar, Delhi - IMD",2025-11-24 19:00:00,2.8860837825898895,-0.29319360042557424,419.36,Severe
India,Delhi,Delhi,"Bawana, Delhi - DPCC",2025-11-24 19:00:00,3.4701401558903013,-0.2638199805165528,428.18,Severe
India,Delhi,Delhi,"Burari Crossing, Delhi - IMD",2025-11-24 19:00:00,3.203636641819753,-0.3303935047866583,428.18,Severe
India,Delhi,Delhi,"CRRI Mathura Road, Delhi - IMD",2025-11-24 19:00:00,2.418922478183694,0.20318059072368835,444.3125,Severe
India,Delhi,Delhi,"Chandni Chowk, Delhi - IITM",2025-11-24 19:00:00,3.059759562037379,-0.5192342234703786,294.0,Poor
India,Delhi,Delhi,"DTU, Delhi - CPCB",2025-11-24 19:00:00,2.965888629643143,1.661608125097691,430.52,Severe
India,Delhi,Delhi,"Dr. Karni Singh Shooting Range, Delhi - DPCC",2025-11-24 19:00:00,3.088362225301573,0.716397417237908,469.0625,Severe
India,Delhi,Delhi,"Dwarka-Sector 8, Delhi - DPCC ",2025-11-24 19:00:00,5.707903138180549,-0.1397098278821414,426.56,Severe
India,Delhi,Delhi,"IGI Airport (T3), Delhi - IMD",2025-11-24 19:00:00,4.4134895178294435,-0.6136265160709737,487.625,Severe
India,Delhi,Delhi,"IHBAS, Dilshad Garden, Delhi - CPCB",2025-11-24 19:00:00,1.2270223310559516,0.2228544268608249,388.48837209302326,Very Poor
India,Delhi,Delhi,"ITO, Delhi - CPCB",2025-11-24 19:00:00,3.2099192716515352,0.6447912443006588,427.82,Severe
India,Delhi,Delhi,"Jahangirpuri, Delhi - DPCC",2025-11-24 19:00:00,5.286919991474208,1.2822106721430488,431.78,Severe
India,Delhi,Delhi,"Jawaharlal Nehru Stadium, Delhi - DPCC",2025-11-24 19:00:00,4.679346258348832,-0.9370501392513663,424.94,Severe
India,Delhi,Delhi,"Lodhi Road, Delhi - IITM",2025-11-24 19:00:00,1.6959265633011609,0.2161268692629926,417.92,Severe
India,Delhi,Delhi,"Lodhi Road, Delhi - IMD",2025-11-24 19:00:00,2.279505801040173,-0.028570724305639915,417.56,Severe
India,Delhi,Delhi,"Major Dhyan Chand National Stadium, Delhi - DPCC",2025-11-24 19:00:00,4.718085479090868,-0.500502662247626,418.1,Severe
India,Delhi,Delhi,"Mandir Marg, Delhi - DPCC",2025-11-24 19:00:00,4.599341325738261,6.766431115498603,412.52,Severe
India,Delhi,Delhi,"Mundka, Delhi - DPCC",2025-11-24 19:00:00,3.948103090671901,0.05467086256402198,428.54,Severe
India,Delhi,Delhi,"NSIT Dwarka, Delhi - CPCB",2025-11-24 19:00:00,1.9310090305723464,0.24128808769636265,413.78,Severe
India,Delhi,Delhi,"Najafgarh, Delhi - DPCC",2025-11-24 19:00:00,1.7347607429903515,0.6659340070298801,418.82,Severe
India,Delhi,Delhi,"Narela, Delhi - DPCC",2025-11-24 19:00:00,3.8292039404320493,0.10671961327933706,428.72,Severe
India,Delhi,Delhi,"Nehru Nagar, Delhi - DPCC",2025-11-24 19:00:00,5.188888725156487,0.47949536579070007,428.0,Severe
India,Delhi,Delhi,"North Campus, DU, Delhi - IMD",2025-11-24 19:00:00,4.650011126172698,-0.5300848949359227,425.3,Severe
India,Delhi,Delhi,"Okhla Phase-2, Delhi - DPCC",2025-11-24 19:00:00,5.224098795207647,-0.8987961538770599,422.24,Severe
India,Delhi,Delhi,"Patparganj, Delhi - DPCC",2025-11-24 19:00:00,5.263486463938195,-0.9413366800292817,427.46,Severe
India,Delhi,Delhi,"Punjabi Bagh, Delhi - DPCC",2025-11-24 19:00:00,3.400690912788708,4.2703225239158,428.36,Severe
India,Delhi,Delhi,"Pusa, Delhi - DPCC",2025-11-24 19:00:00,3.0623282329757333,0.2454121059844214,424.4,Severe
India,Delhi,Delhi,"Pusa, Delhi - IMD",2025-11-24 19:00:00,3.2881972512162383,-0.07238472729479409,423.32,Severe
India,Delhi,Delhi,"R K Puram, Delhi - DPCC",2025-11-24 19:00:00,5.19730132128517,-2.9400609935709268,427.28,Severe
India,Delhi,Delhi,"Rohini, Delhi - DPCC",2025-11-24 19:00:00,5.483499201730895,-0.6881979529291126,431.96,Severe
India,Delhi,Delhi,"Shadipur, Delhi - CPCB",2025-11-24 19:00:00,3.4673395988652924,0.21133554316065642,408.74,Severe
India,Delhi,Delhi,"Sirifort, Delhi - CPCB",2025-11-24 19:00:00,2.3793548594563485,1.3567125736794143,493.8125,Severe
India,Delhi,Delhi,"Sonia Vihar, Delhi - DPCC",2025-11-24 19:00:00,4.025723468044429,-0.778722378540863,428.0,Severe
India,Delhi,Delhi,"Sri Aurobindo Marg, Delhi - DPCC",2025-11-24 19:00:00,1.6560411481615815,-0.6984898215961158,416.66,Severe
India,Delhi,Delhi,"Vivek Vihar, Delhi - DPCC",2025-11-24 19:00:00,3.243643556667843,0.6501476808458874,431.06,Severe
India,Delhi,Delhi,"Wazirpur, Delhi - DPCC",2025-11-24 19:00:00,4.864089271043177,-0.3779508773218062,431.24,Severe
India,Gujarat,Ahmedabad,"Chandkheda, Ahmedabad - IITM",2025-11-24 19:00:00,1.3194027076526207,-0.537718725255473,364.85207100591714,Very Poor
India,Gujarat,Ahmedabad,"Gyaspur, Ahmedabad - IITM",2025-11-24 19:00:00,1.0010778669259355,0.48659339810687324,293.17241379310343,Poor
India,Gujarat,Ahmedabad,"Maninagar, Ahmedabad - GPCB",2025-11-24 19:00:00,-1.0217332126495362,2.3025306433010106,425.75,Severe
India,Gujarat,Ahmedabad,"Raikhad, Ahmedabad - IITM",2025-11-24 19:00:00,0.5154315675236382,0.3114869223593984,402.8,Severe
India,Gujarat,Ahmedabad,"Rakhial, Ahmedabad - IITM",2025-11-24 19:00:00,0.38985905081309846,1.2974960850605501,385.4186046511628,Very Poor
India,Gujarat,Ahmedabad,"SAC ISRO Bopal, Ahmedabad - IITM",2025-11-24 19:00:00,-0.26372159017902214,-0.8671412647434082,341.42011834319527,Very Poor
India,Gujarat,Ahmedabad,"SAC ISRO Satellite, Ahmedabad - IITM",2025-11-24 19:00:00,-0.0886580486273746,0.04344341290939185,425.75,Severe
India,Gujarat,Ahmedabad,"SVPI Airport Hansol, Ahmedabad - IITM",2025-11-24 19:00:00,0.30056338257904586,-0.14594396620370242,425.75,Severe
India,Gujarat,Ankleshwar,"GIDC, Ankleshwar - GPCB",2025-11-24 19:00:00,0.7778668736582237,1.2094033988360862,404.06,Severe
India,Gujarat,Gandhinagar,"IIPHG Lekawada, Gandhinagar - IITM",2025-11-24 19:00:00,-1.4605013129475914,-0.5961178232040361,323.8461538461538,Very Poor
India,Gujarat,Gandhinagar,"Sector-10, Gandhinagar - GPCB",2025-11-24 19:00:00,-1.310441235602462,-0.44956960857123834,400.0,Very Poor
India,Gujarat,Nandesari,"GIDC, Nandesari - Nandesari Ind. Association",2025-11-24 19:00:00,0.349974286497235,0.14797451390708677,402.8,Severe
India,Gujarat,Surat,"Science Center, Surat - SMC",2025-11-24 19:00:00,-0.590338711575146,0.9922010809253203,444.3125,Severe
India,Gujarat,Vapi,"Phase-1 GIDC, Vapi - GPCB",2025-11-24 19:00:00,-0.2684223839625322,0.3580607010263077,16.0,Good
India,Gujarat,Vatva,"Phase-4 GIDC, Vatva - GPCB",2025-11-24 19:00:00,-0.08708167294620912,1.2515610587484167,344.74418604651163,Very Poor
India,Haryana,Ambala,"Patti Mehar, Ambala - HSPCB",2025-11-24 19:00:00,1.3365393291724557,1.1342797392479245,390.7906976744186,Very Poor
India,Haryana,Bahadurgarh,"Arya Nagar, Bahadurgarh - HSPCB",2025-11-24 19:00:00,0.5780821916137658,-0.1556174990163498,487.625,Severe
India,Haryana,Ballabgarh,"Nathu Colony, Ballabgarh - HSPCB",2025-11-24 19:00:00,-0.361967676477389,0.3695672022224351,413.375,Severe
India,Haryana,Bhiwani,"H.B. Colony, Bhiwani - HSPCB",2025-11-24 19:00:00,-0.005111262445861032,0.2922421877973356,411.98,Severe
India,Haryana,Charkhi Dadri,"Mini Secretariat, Charkhi Dadri - HSPCB",2025-11-24 19:00:00,0.40190565142711726,0.31822779314587557,421.16,Severe
India,Haryana,Dharuhera,"Municipal Corporation Office, Dharuhera -  HSPCB",2025-11-24 19:00:00,2.5693245271123066,0.23172729950947002,411.8,Severe
India,Haryana,Faridabad,"New Industrial Town, Faridabad - HSPCB",2025-11-24 19:00:00,-0.06557705894933684,-0.23519355037131948,386.1860465116279,Very Poor
India,Haryana,Faridabad,"Sector 11, Faridabad - HSPCB",2025-11-24 19:00:00,0.23829170255688856,0.08500226847764103,393.8604651162791,Very Poor
India,Haryana,Faridabad,"Sector 30, Faridabad - HSPCB",2025-11-24 19:00:00,0.5526799855670917,-0.32900281607474424,373.1395348837209,Very Poor
India,Haryana,Fatehabad,"Huda Sector, Fatehabad - HSPCB",2025-11-24 19:00:00,-0.4103735780906701,-0.12108745287808245,358.9940828402367,Very Poor
India,Haryana,Gurugram,"NISE Gwal Pahari, Gurugram - IMD",2025-11-24 19:00:00,1.9673686689530099,0.2805444710804449,419.18,Severe
India,Haryana,Gurugram,"Sector-51, Gurugram - HSPCB",2025-11-24 19:00:00,0.31051470986818336,1.162634635849971,404.96,Severe
India,Haryana,Gurugram,"Teri Gram, Gurugram - HSPCB",2025-11-24 19:00:00,0.13693563820374277,0.2430294673282817,388.2840236686391,Very Poor
India,Haryana,Gurugram,"Vikas Sadan, Gurugram - HSPCB",2025-11-24 19:00:00,1.7981732345455863,-0.4465132687016245,414.86,Severe
India,Haryana,Hisar,"Urban Estate-II, Hisar - HSPCB",2025-11-24 19:00:00,0.16541581473857025,-0.6798449748864819,310.2093023255814,Very Poor
India,Haryana,Jind,"Police Lines, Jind - HSPCB",2025-11-24 19:00:00,0.8993827864306282,-0.8612916650322365,407.12,Severe
India,Haryana,Kaithal,"Rishi Nagar, Kaithal - HSPCB",2025-11-24 19:00:00,-0.2809282276363436,1.3998589657658587,388.2840236686391,Very Poor
India,Haryana,Karnal,"Sector-12, Karnal - HSPCB",2025-11-24 19:00:00,-0.058798369777331154,0.31854253716985004,444.3125,Severe
India,Haryana,Kurukshetra,"Sector-7, Kurukshetra - HSPCB",2025-11-24 19:00:00,0.0806258029463563,-0.3355322442500318,425.75,Severe
India,Haryana,Mandikhera,"General Hospital, Mandikhera - HSPCB",2025-11-24 19:00:00,0.35061207745179923,1.4185965027166059,314.8139534883721,Very Poor
India,Haryana,Manesar,"Sector-2 IMT, Manesar - HSPCB",2025-11-24 19:00:00,2.4490592261012525,0.08552833611744151,444.3125,Severe
India,Haryana,Narnaul,"Shastri Nagar, Narnaul - HSPCB",2025-11-24 19:00:00,0.9980348413404931,-0.31028146962401043,400.0,Very Poor
India,Haryana,Palwal,"Shyam Nagar, Palwal - HSPCB",2025-11-24 19:00:00,-1.298597775190533,-0.15975427707050366,388.2840236686391,Very Poor
India,Haryana,Panchgaon,"Amity University, Panchgaon - IITM",2025-11-24 19:00:00,0.509781504692978,-0.6800204969720125,126.11940298507464,Moderate
India,Haryana,Panchkula,"Sector-6, Panchkula - HSPCB ",2025-11-24 19:00:00,-0.5949689437645135,-0.15246643959995476,351.6511627906977,Very Poor
India,Haryana,Panipat,"Sector-18, Panipat - HSPCB",2025-11-24 19:00:00,-0.37889435625891527,-0.48515147033738015,450.5,Severe
India,Haryana,Rohtak,"MD University, Rohtak - HSPCB",2025-11-24 19:00:00,-0.7176104420547832,-0.3558298904576046,333.2325581395349,Very Poor
India,Haryana,Sirsa,"F-Block, Sirsa - HSPCB",2025-11-24 19:00:00,-0.4044679269074082,-0.5415651600741336,487.625,Severe
India,Haryana,Sonipat,"Murthal, Sonipat - HSPCB",2025-11-24 19:00:00,1.8153662270146118,-0.12901553908199087,410.36,Severe
India,Haryana,Yamuna Nagar,"Gobind Pura, Yamuna Nagar - HSPCB",2025-11-24 19:00:00,0.33801337003817233,0.09538900666370344,409.1,Severe
India,Himachal Pradesh,Baddi,"HIMUDA Complex Phase-1, Baddi - HPPCB",2025-11-24 19:00:00,1.60442315856819,1.4748561708744237,340.90697674418607,Very Poor
India,Jammu_and_Kashmir,Srinagar,"Rajbagh, Srinagar - JKSPCB",2025-11-24 19:00:00,-1.250082157737539,-0.5618322182004615,285.6521739130435,Poor
India,Jharkhand,Dhanbad,"Sardar Patel Nagar, Dhanbad - JSPCB",2025-11-24 19:00:00,0.2685193264105069,3.0383448195915466,141.53020134228188,Moderate
India,Karnataka,Bagalkot,"Vidayagiri, Bagalkot - KSPCB",2025-11-24 19:00:00,-2.2412410229330733,-0.3747210846692356,57.75862068965517,Satisfactory
India,Karnataka,Belgaum,"Ramteerth Nagar, Belgaum - KSPCB",2025-11-24 19:00:00,-0.6522894224220411,0.33382195831883316,256.95652173913044,Poor
India,Karnataka,Bengaluru,"BWSSB Kadabesanahalli, Bengaluru - CPCB",2025-11-24 19:00:00,-0.8145675090522718,-0.3667728631754658,94.0,Satisfactory
India,Karnataka,Bengaluru,"City Railway Station, Bengaluru - KSPCB",2025-11-24 19:00:00,0.6578485583052087,-0.010177808946957717,,Unknown
India,Karnataka,Bengaluru,"Hombegowda Nagar, Bengaluru - KSPCB",2025-11-24 19:00:00,-2.5875867605527607,0.03526522359415612,300.0,Poor
India,Karnataka,Bengaluru,"Jayanagar 5th Block, Bengaluru - KSPCB",2025-11-24 19:00:00,-2.3154092481193165,-0.28638998098211194,394.14201183431953,Very Poor
India,Karnataka,Bengaluru,"Jigani, Bengaluru - KSPCB",2025-11-24 19:00:00,-1.886825645835549,0.3327722708972169,400.0,Very Poor
India,Karnataka,Bengaluru,"Peenya, Bengaluru - CPCB",2025-11-24 19:00:00,-1.5851284925458355,-0.2960360394463888,431.9375,Severe
India,Karnataka,Bengaluru,"RVCE-Mailasandra, Bengaluru - KSPCB",2025-11-24 19:00:00,-1.657126402646824,-0.8220350738152564,370.7100591715976,Very Poor
India,Karnataka,Bengaluru,"Silk Board, Bengaluru - KSPCB",2025-11-24 19:00:00,-2.3518614321440405,-0.22183154293582746,438.125,Severe
India,Karnataka,Chamarajanagar,"Urban, Chamarajanagar - KSPCB",2025-11-24 19:00:00,-2.304333242509476,-0.7971668927857897,335.5621301775148,Very Poor
India,Karnataka,Chikkamagaluru,"Kalyana Nagara, Chikkamagaluru - KSPCB",2025-11-24 19:00:00,-2.441321452749306,-0.8042440483662027,323.8461538461538,Very Poor
India,Karnataka,Davanagere,"Devaraj Urs Badavane, Davanagere - KSPCB",2025-11-24 19:00:00,-1.7101547511326054,-0.5758723016978636,353.1360946745562,Very Poor
India,Karnataka,Dharwad,"Kalabhavan, Dharwad - KSPCB",2025-11-24 19:00:00,-1.2282537927965065,-0.7894019011771792,101.0,Moderate
India,Karnataka,Gadag,"Panchal Nagar, Gadag - KSPCB",2025-11-24 19:00:00,-0.15398063563083952,0.20540170132067243,31.0,Good
India,Karnataka,Hubballi,"Lingaraj Nagar, Hubballi - KSPCB",2025-11-24 19:00:00,-2.682728450525024,-0.7694015390555112,300.0,Poor
India,Karnataka,Kalaburagi,"Lal Bahadur Shastri Nagar, Kalaburagi - KSPCB",2025-11-24 19:00:00,-1.8128311724000419,3.417636307913902,388.2840236686391,Very Poor
India,Karnataka,Kalaburagi,"Mahatma Basaveswar Colony, Kalaburgi - KSPCB",2025-11-24 19:00:00,-2.08447840481111,-0.5701315941773824,462.875,Severe
India,Karnataka,Koppal,"Diwator Nagar, Koppal - KSPCB",2025-11-24 19:00:00,-1.2042071716341287,1.0241059716124572,358.9940828402367,Very Poor
India,Karnataka,Madikeri,"Stuart Hill, Madikeri - KSPCB",2025-11-24 19:00:00,-1.710222066885959,-0.3966873514272937,59.44827586206897,Satisfactory
India,Karnataka,Mangalore,"Kadri, Mangalore - KSPCB",2025-11-24 19:00:00,-2.318147275078476,0.0001107977702069387,26.0,Good
India,Karnataka,Mysuru,"Hebbal 1st Stage, Mysuru - KSPCB",2025-11-24 19:00:00,-2.260833778325981,-0.848561207229046,228.2608695652174,Poor
India,Karnataka,Shivamogga,"Vinoba Nagara, Shivamogga - KSPCB",2025-11-24 19:00:00,-2.2057195812240336,-0.9648957623595485,317.98816568047334,Very Poor
India,Karnataka,Vijayapura,"Ibrahimpur, Vijayapura - KSPCB",2025-11-24 19:00:00,-2.5626954864819558,0.22392599915976408,335.5621301775148,Very Poor
India,Karnataka,Yadgir,"Collector Office, Yadgir - KSPCB",2025-11-24 19:00:00,-2.05412024517763,-0.14062439126804258,329.70414201183434,Very Poor
India,Kerala,Eloor,"Udyogamandal, Eloor - Kerala PCB",2025-11-24 19:00:00,-0.049432864939422186,0.39490955117515075,12.0,Good
India,Kerala,Kannur,"Thavakkara, Kannur - Kerala PCB",2025-11-24 19:00:00,-2.3592423622100283,-0.6498155594167978,271.30434782608694,Poor
India,Kerala,Kollam,"Polayathode, Kollam - Kerala PCB",2025-11-24 19:00:00,-2.7627489171712063,-0.9157534274510549,285.6521739130435,Poor
India,Kerala,Thiruvananthapuram,"Kariavattom, Thiruvananthapuram - Kerala PCB",2025-11-24 19:00:00,-1.8258801757635543,-0.5574654354060504,400.0,Very Poor
India,Kerala,Thiruvananthapuram,"Plammoodu, Thiruvananthapuram - Kerala PCB",2025-11-24 19:00:00,-2.5461935410149037,0.20942359962986368,335.5621301775148,Very Poor
India,Kerala,Thrissur,"Corporation Ground, Thrissur - Kerala PCB",2025-11-24 19:00:00,-0.33502762237290645,0.2182619723398637,376.5680473372781,Very Poor
India,Madhya Pradesh,Bhopal,"Idgah Hills, Bhopal - MPPCB",2025-11-24 19:00:00,0.8155992782345358,-0.19664463489683395,438.125,Severe
India,Madhya Pradesh,Bhopal,"Paryavaran Parisar, Bhopal - MPPCB",2025-11-24 19:00:00,1.6689996797574642,-0.31987731112981865,456.6875,Severe
India,Madhya Pradesh,Bhopal,"T T Nagar, Bhopal - MPPCB",2025-11-24 19:00:00,2.1739333070579914,-1.0543624004499463,438.125,Severe
India,Madhya Pradesh,Dewas,"Bhopal Chauraha, Dewas - MPPCB",2025-11-24 19:00:00,-0.02407870573356344,2.8886867884486986,408.74,Severe
India,Madhya Pradesh,Gwalior,"City Center, Gwalior - MPPCB",2025-11-24 19:00:00,-0.16677856587570672,-0.3393956970420625,394.14201183431953,Very Poor
India,Madhya Pradesh,Gwalior,"Deen Dayal Nagar, Gwalior - MPPCB",2025-11-24 19:00:00,1.8405693371039722,-0.7397571069592482,386.953488372093,Very Poor
India,Madhya Pradesh,Gwalior,"Maharaj Bada, Gwalior - MPPCB",2025-11-24 19:00:00,0.3144504332755166,-0.44088625067308024,487.625,Severe
India,Madhya Pradesh,Indore,"Airport Area, Indore - IMC",2025-11-24 19:00:00,-1.5382557614743944,0.8142255441893264,245.3793103448276,Poor
India,Madhya Pradesh,Indore,"Chhoti Gwaltoli, Indore - MPPCB",2025-11-24 19:00:00,1.961186794260936,-0.5483946814580773,393.09302325581393,Very Poor
India,Madhya Pradesh,Indore,"Maguda Nagar, Indore - IMC",2025-11-24 19:00:00,-0.49389550189122816,0.3917267619472717,364.85207100591714,Very Poor
India,Madhya Pradesh,Indore,"Regional Park, Indore - IMC",2025-11-24 19:00:00,-0.7777369828356911,1.078579504805225,382.4260355029586,Very Poor
India,Madhya Pradesh,Indore,"Residency Area, Indore - IMC",2025-11-24 19:00:00,-1.5580459200386023,1.1319929974553704,306.2721893491124,Very Poor
India,Madhya Pradesh,Jabalpur,"Govindh Bhavan Colony, Jabalpur - JMC",2025-11-24 19:00:00,-1.0511536429091344,-0.19725701057250142,500.0,Severe
India,Madhya Pradesh,Jabalpur,"Gupteshwar, Jabalpur - JMC",2025-11-24 19:00:00,0.7255448852089676,-0.9043270316056775,313.27906976744185,Very Poor
India,Madhya Pradesh,Jabalpur,"Marhatal, Jabalpur - MPPCB",2025-11-24 19:00:00,0.8233009966920765,0.7831525088759431,362.3953488372093,Very Poor
India,Madhya Pradesh,Jabalpur,"Suhagi, Jabalpur - JMC",2025-11-24 19:00:00,0.1963291456714533,-0.6413129034728458,475.25,Severe
India,Madhya Pradesh,Katni,"Gole Bazar, Katni - MPPCB",2025-11-24 19:00:00,0.4724845031126823,0.07370093446174487,487.625,Severe
India,Madhya Pradesh,Maihar,"Sahilara, Maihar - KJS Cements",2025-11-24 19:00:00,-0.6613066475777035,-0.09036226135589,431.9375,Severe
India,Madhya Pradesh,Mandideep,"Sector-D Industrial Area, Mandideep - MPPCB",2025-11-24 19:00:00,2.2758416779799933,2.408927526946323,425.75,Severe
India,Madhya Pradesh,Pithampur,"Sector-2 Industrial Area, Pithampur - MPPCB",2025-11-24 19:00:00,-0.11222168236673714,0.09410411784075963,431.9375,Severe
India,Madhya Pradesh,Ratlam,"Shasthri Nagar, Ratlam - IPCA Lab",2025-11-24 19:00:00,0.07921278570883633,0.0911641865543061,344.74418604651163,Very Poor
India,Madhya Pradesh,Sagar,"Civil Lines, Sagar - MPPCB",2025-11-24 19:00:00,-0.21212870719529586,-0.5021995219336826,481.4375,Severe
India,Madhya Pradesh,Sagar,"Deen Dayal Nagar, Sagar - MPPCB",2025-11-24 19:00:00,-0.50737665496873,-0.5948837403998892,272.6896551724138,Poor
India,Madhya Pradesh,Satna,"Bandhavgar Colony, Satna - Birla Cement",2025-11-24 19:00:00,-1.7450508987768472,0.37174794695768765,376.5680473372781,Very Poor
India,Madhya Pradesh,Singrauli,"Suryakiran Bhawan NCL, Singrauli - MPPCB",2025-11-24 19:00:00,2.9619819097835403,1.3041631147644286,413.96,Severe
India,Maharashtra,Ahmednagar,"Tarakpur, Ahmednagar - MPCB",2025-11-24 19:00:00,-1.085140718729042,-0.8968460188444906,88.17241379310346,Satisfactory
India,Maharashtra,Akola,"Ramdaspeth, Akola - MPCB",2025-11-24 19:00:00,-1.6022320014003566,-0.024161938039649042,335.5621301775148,Very Poor
India,Maharashtra,Amravati,"Shivneri Colony, Amravati - MPCB",2025-11-24 19:00:00,-1.4921510878249176,0.127509799415739,347.27810650887574,Very Poor
India,Maharashtra,Amravati,"Shri Shivaji Science College, Amravati - MPCB",2025-11-24 19:00:00,-0.4424439959054903,0.8190498813443088,475.25,Severe
India,Maharashtra,Aurangabad,"MIDC Chilkalthana, Aurangabad - MPCB",2025-11-24 19:00:00,-1.8535363038470651,-1.03128178509752,200.0,Moderate
India,Maharashtra,Aurangabad,"More Chowk Waluj, Aurangabad - MPCB",2025-11-24 19:00:00,-0.9552269388115217,0.12680219913223478,370.7100591715976,Very Poor
India,Maharashtra,Aurangabad,"Rachnakar Colony, Aurangabad - MPCB",2025-11-24 19:00:00,-1.3318256595759597,0.3027945032421661,300.0,Poor
India,Maharashtra,Badlapur,"Katrap, Badlapur - MPCB",2025-11-24 19:00:00,-0.4662387390642814,-0.6880013293453783,425.75,Severe
India,Maharashtra,Belapur,"CBD Belapur, Belapur - MPCB",2025-11-24 19:00:00,-0.3754302002211526,0.296926916006005,382.4260355029586,Very Poor
India,Maharashtra,Bhiwandi,"Gokul Nagar, Bhiwandi - MPCB",2025-11-24 19:00:00,-0.3682731102648804,-0.634760725486344,370.7100591715976,Very Poor
India,Maharashtra,Boisar,"Khaira, Boisar - MPCB",2025-11-24 19:00:00,0.3418772075216618,0.41760338863172713,438.125,Severe
India,Maharashtra,Chandrapur,"Chauhan Colony, Chandrapur - MPCB",2025-11-24 19:00:00,-1.3349105556056802,1.2592623154681128,388.2840236686391,Very Poor
India,Maharashtra,Chandrapur,"MIDC Khutala, Chandrapur - MPCB",2025-11-24 19:00:00,-0.35153638939801096,-0.05795552037350707,431.9375,Severe
India,Maharashtra,Dhule,"Deopur, Dhule - MPCB",2025-11-24 19:00:00,-1.5391958940841004,-0.4592654140894707,394.14201183431953,Very Poor
India,Maharashtra,Jalgaon,"Prabhat Colony, Jalgaon - MPCB",2025-11-24 19:00:00,-1.6538909277578668,-0.9516318151269113,329.70414201183434,Very Poor
India,Maharashtra,Jalna,"Old MIDC, Jalna - MPCB",2025-11-24 19:00:00,-0.18601637004795166,-0.09587952389538548,341.42011834319527,Very Poor
India,Maharashtra,Kalyan,"Khadakpada, Kalyan - MPCB",2025-11-24 19:00:00,0.1610166366667995,0.4218312982547742,9.0,Good
India,Maharashtra,Kalyan,"Pimpleshwar Mandir, Kalyan - MPCB",2025-11-24 19:00:00,-0.2502181270098998,-0.367472793308331,469.0625,Severe
India,Maharashtra,Kolhapur,"Shivaji University, Kolhapur - MPCB",2025-11-24 19:00:00,-1.3929858862698694,-0.5669143747450252,242.6086956521739,Poor
India,Maharashtra,Kolhapur,"Sinchan Bhavan, Kolhapur - MPCB",2025-11-24 19:00:00,-0.23071513513657382,0.36753654748783937,469.0625,Severe
India,Maharashtra,Latur,"Sawe Wadi, Latur - MPCB",2025-11-24 19:00:00,-0.24068813000429998,-1.3383308897383182,347.27810650887574,Very Poor
India,Maharashtra,Mahad,"Kamble Tarf Birwadi, Mahad - MPCB",2025-11-24 19:00:00,-0.37492809013388284,-0.11307526093565452,200.0,Moderate
India,Maharashtra,Malegaon,"Mahesh Nagar, Malegaon - MPCB",2025-11-24 19:00:00,-1.1776592480954806,-0.576310140107337,493.8125,Severe
India,Maharashtra,Mira-Bhayandar,"Bhayandar West, Mira-Bhayandar - MPCB",2025-11-24 19:00:00,0.15594427487169701,-1.5927565235169043,431.9375,Severe
India,Maharashtra,Mumbai,"Bandra Kurla Complex, Mumbai - MPCB",2025-11-24 19:00:00,0.34549465251211947,-1.2124263680394467,341.42011834319527,Very Poor
India,Maharashtra,Mumbai,"Borivali East, Mumbai - IITM",2025-11-24 19:00:00,1.6424342038035395,-0.686782544771233,357.0232558139535,Very Poor
India,Maharashtra,Mumbai,"Borivali East, Mumbai - MPCB",2025-11-24 19:00:00,-0.9852364129684925,0.06251961580390844,100.0,Satisfactory
India,Maharashtra,Mumbai,"Byculla, Mumbai - BMC",2025-11-24 19:00:00,2.0154148969710133,0.06278628902069593,438.125,Severe
India,Maharashtra,Mumbai,"Chakala-Andheri East, Mumbai - IITM",2025-11-24 19:00:00,3.1576614176788764,-0.6563380130361995,402.8,Severe
India,Maharashtra,Mumbai,"Chembur, Mumbai - MPCB",2025-11-24 19:00:00,0.1725676614120981,-1.2473442154585688,400.0,Very Poor
India,Maharashtra,Mumbai,"Chhatrapati Shivaji Intl. Airport (T2), Mumbai - MPCB",2025-11-24 19:00:00,-0.7146755896783253,0.45549790147565355,285.6521739130435,Poor
India,Maharashtra,Mumbai,"Colaba, Mumbai - MPCB",2025-11-24 19:00:00,-0.8844585692913199,0.4650553086013522,370.7100591715976,Very Poor
India,Maharashtra,Mumbai,"Deonar, Mumbai - IITM",2025-11-24 19:00:00,1.7273378767679806,-0.3814252936473224,379.27906976744185,Very Poor
India,Maharashtra,Mumbai,"Ghatkopar, Mumbai - BMC",2025-11-24 19:00:00,-0.1008672737185873,-1.4330259154936469,394.14201183431953,Very Poor
India,Maharashtra,Mumbai,"Kandivali East, Mumbai - MPCB",2025-11-24 19:00:00,-1.2972965409672002,0.0788651173592421,341.42011834319527,Very Poor
India,Maharashtra,Mumbai,"Kandivali West, Mumbai - BMC",2025-11-24 19:00:00,-0.7404637841340469,-0.6568758202577211,350.1162790697674,Very Poor
India,Maharashtra,Mumbai,"Kherwadi_Bandra East, Mumbai - MPCB",2025-11-24 19:00:00,-0.3209627779170887,-0.963309755733988,347.27810650887574,Very Poor
India,Maharashtra,Mumbai,"Khindipada-Bhandup West, Mumbai - IITM",2025-11-24 19:00:00,0.10649972323855555,-1.283238994313127,500.0,Severe
India,Maharashtra,Mumbai,"Kurla, Mumbai - MPCB",2025-11-24 19:00:00,-1.5748714168112616,1.6879500168094224,285.6521739130435,Poor
India,Maharashtra,Mumbai,"Malad West, Mumbai - IITM",2025-11-24 19:00:00,2.6390039876677713,-2.10480590822345,481.4375,Severe
India,Maharashtra,Mumbai,"Mazgaon, Mumbai - IITM",2025-11-24 19:00:00,3.6458245741994406,-1.252256067591939,409.64,Severe
India,Maharashtra,Mumbai,"Mindspace-Malad West, Mumbai - MPCB",2025-11-24 19:00:00,0.9952375339748811,-0.10101483673206342,286.34482758620686,Poor
India,Maharashtra,Mumbai,"Navy Nagar-Colaba, Mumbai - IITM",2025-11-24 19:00:00,1.2752539451666716,-0.6670783094985726,456.6875,Severe
India,Maharashtra,Mumbai,"Powai, Mumbai - MPCB",2025-11-24 19:00:00,-1.0315625022753745,1.463859132056594,367.7674418604651,Very Poor
India,Maharashtra,Mumbai,"Sewri, Mumbai - BMC",2025-11-24 19:00:00,0.040940883717720505,0.16578246479929448,358.9940828402367,Very Poor
India,Maharashtra,Mumbai,"Shivaji Nagar, Mumbai - BMC",2025-11-24 19:00:00,0.19759618755142355,-0.08150333528596497,456.6875,Severe
India,Maharashtra,Mumbai,"Siddharth Nagar-Worli, Mumbai - IITM",2025-11-24 19:00:00,1.499242385316719,-0.7421603959388108,407.1875,Severe
India,Maharashtra,Mumbai,"Sion, Mumbai - MPCB",2025-11-24 19:00:00,-1.5444776706821433,0.24092408109810923,242.6086956521739,Poor
India,Maharashtra,Mumbai,"Vasai West, Mumbai - MPCB",2025-11-24 19:00:00,-1.1920938038098454,-0.08015688032289585,487.625,Severe
India,Maharashtra,Mumbai,"Vile Parle West, Mumbai - MPCB",2025-11-24 19:00:00,-0.929634307162519,2.615706995517326,353.1360946745562,Very Poor
India,Maharashtra,Mumbai,"Worli, Mumbai - MPCB",2025-11-24 19:00:00,-1.9366788060625013,0.5818626554851118,255.6206896551724,Poor
India,Maharashtra,Nagpur,"Ambazari, Nagpur - MPCB",2025-11-24 19:00:00,0.053080020838692454,1.470392547119785,376.5680473372781,Very Poor
India,Maharashtra,Nagpur,"Mahal, Nagpur - MPCB",2025-11-24 19:00:00,0.7130901655843176,2.649751981832476,367.7674418604651,Very Poor
India,Maharashtra,Nagpur,"Opp GPO Civil Lines, Nagpur - MPCB",2025-11-24 19:00:00,-0.5344426420591593,0.86416586815134,413.375,Severe
India,Maharashtra,Nagpur,"Ram Nagar, Nagpur - MPCB",2025-11-24 19:00:00,-0.16550972444396242,0.344986402813467,388.2840236686391,Very Poor
India,Maharashtra,Nanded,"Sneh Nagar, Nanded - MPCB",2025-11-24 19:00:00,-1.3744640606685559,-0.925163406253302,341.42011834319527,Very Poor
India,Maharashtra,Nashik,"Gangapur Road, Nashik - MPCB",2025-11-24 19:00:00,-1.9005485164759486,0.34725824080709755,388.2840236686391,Very Poor
India,Maharashtra,Nashik,"Hirawadi, Nashik - MPCB",2025-11-24 19:00:00,-0.535556794328952,-0.4703440057986581,276.1034482758621,Poor
India,Maharashtra,Nashik,"MIDC Ambad, Nashik - MPCB",2025-11-24 19:00:00,-0.6904214929083787,-0.6658036589080017,300.0,Poor
India,Maharashtra,Nashik,"Pandav Nagari, Nashik - MPCB",2025-11-24 19:00:00,-0.19567167215580322,-0.025315542277620912,358.9940828402367,Very Poor
India,Maharashtra,Navi Mumbai,"Kopripada-Vashi, Navi Mumbai - MPCB",2025-11-24 19:00:00,-0.5099985148482664,0.11419417920378847,364.85207100591714,Very Poor
India,Maharashtra,Navi Mumbai,"Mahape, Navi Mumbai - MPCB",2025-11-24 19:00:00,-0.04361605094028864,0.9486695669710802,112.95973154362416,Moderate
India,Maharashtra,Navi Mumbai,"Nerul, Navi Mumbai - MPCB",2025-11-24 19:00:00,0.18163751957998947,0.12180620159885998,401.72,Severe
India,Maharashtra,Navi Mumbai,"Sanpada, Navi Mumbai - MPCB",2025-11-24 19:00:00,-0.5583024616955158,0.2848517256080396,450.5,Severe
India,Maharashtra,Navi Mumbai,"Sector-2E Kalamboli, Navi Mumbai - MPCB",2025-11-24 19:00:00,-0.34955070143767175,-1.0652288390809357,358.9940828402367,Very Poor
India,Maharashtra,Navi Mumbai,"Tondare-Taloja, Navi Mumbai - MPCB",2025-11-24 19:00:00,-1.1824332310242773,-0.6834218163576026,450.5,Severe
India,Maharashtra,Parbhani,"Masoom Colony, Parbhani - MPCB",2025-11-24 19:00:00,-1.404332690522837,-0.30414280625473683,200.0,Moderate
India,Maharashtra,Pimpri-Chinchwad,"Gavalinagar, Pimpri Chinchwad - MPCB",2025-11-24 19:00:00,0.043068451700949105,-0.1899568350610504,407.1875,Severe
India,Maharashtra,Pimpri-Chinchwad,"Park Street Wakad, Pimpri Chinchwad - MPCB",2025-11-24 19:00:00,-0.7589577733689719,-1.2660801523983327,335.5621301775148,Very Poor
India,Maharashtra,Pimpri-Chinchwad,"Savta Mali Nagar, Pimpri-Chinchwad - IITM",2025-11-24 19:00:00,0.4509471321847903,-0.14456235513561294,307.13953488372096,Very Poor
India,Maharashtra,Pimpri-Chinchwad,"Thergaon, Pimpri Chinchwad - MPCB",2025-11-24 19:00:00,-0.903459417345183,-1.0583187760176176,131.72413793103448,Moderate
India,Maharashtra,Pune,"Bhumkar Nagar, Pune - IITM",2025-11-24 19:00:00,-0.8149807188990301,0.13179997015949352,444.3125,Severe
India,Maharashtra,Pune,"Hadapsar, Pune - IITM",2025-11-24 19:00:00,0.2817372667412236,0.299252841882578,21.0,Good
India,Maharashtra,Pune,"Katraj Dairy, Pune - MPCB",2025-11-24 19:00:00,-0.9598317609943834,-1.0847316720488498,425.75,Severe
India,Maharashtra,Pune,"Mhada Colony, Pune - IITM",2025-11-24 19:00:00,0.23391209520850065,-0.36104540055359896,456.6875,Severe
India,Maharashtra,Pune,"Panchawati_Pashan, Pune - IITM",2025-11-24 19:00:00,-0.59331249004311,0.21415213517769893,370.7100591715976,Very Poor
India,Maharashtra,Pune,"Revenue Colony-Shivajinagar, Pune - IITM",2025-11-24 19:00:00,0.04123143768359408,-0.3457776709885276,235.1379310344828,Poor
India,Maharashtra,Pune,"Savitribai Phule Pune University, Pune - MPCB",2025-11-24 19:00:00,-1.494151266924661,-1.1151638780179443,358.9940828402367,Very Poor
India,Maharashtra,Pune,"Transport Nagar-Nigdi, Pune - IITM",2025-11-24 19:00:00,-0.06306856266894005,-0.06760400699269818,400.0,Very Poor
India,Maharashtra,Sangli,"Vijay Nagar, Sangli - MPCB",2025-11-24 19:00:00,-0.9415045769352905,-0.4929166731582377,376.5680473372781,Very Poor
India,Maharashtra,Solapur,"Dnyaneshwar Nagar, Solapur - MPCB",2025-11-24 19:00:00,-0.9844624621752623,-1.0093199359650182,242.6086956521739,Poor
India,Maharashtra,Solapur,"Ratandeep Housing Society, Solapur - MPCB",2025-11-24 19:00:00,-1.1128589390913295,-1.064642865817408,364.85207100591714,Very Poor
India,Maharashtra,Thane,"Kasarvadavali, Thane - MPCB",2025-11-24 19:00:00,-0.3482305772826535,-1.0253133672941601,341.42011834319527,Very Poor
India,Maharashtra,Thane,"Upvan Fort, Thane - MPCB",2025-11-24 19:00:00,-0.4527194248750328,-1.548506669542966,419.5625,Severe
India,Maharashtra,Ulhasnagar,"Sidhi Vinayak Nagar, Ulhasnagar - MPCB",2025-11-24 19:00:00,-0.27752400717592446,-0.4517534567607869,364.85207100591714,Very Poor
India,Maharashtra,Virar,"Bolinj, Virar - MPCB",2025-11-24 19:00:00,-0.22957082552747035,-0.8641505620751716,376.5680473372781,Very Poor
India,Meghalaya,Shillong,"Lumpyngngad, Shillong - Meghalaya PCB",2025-11-24 19:00:00,-1.603462274522974,0.3034820352916235,174.9367088607595,Moderate
India,Nagaland,Kohima,"PWD Junction, Kohima - NPCB",2025-11-24 19:00:00,-2.1355551939491195,4.284644406908178,200.0,Moderate
India,Odisha,Angul,"Hakimapada, Angul - OSPCB",2025-11-24 19:00:00,1.6544179274033421,1.4827788196646285,469.0625,Severe
India,Odisha,Balasore,"Kalidaspur, Balasore - OSPCB",2025-11-24 19:00:00,0.6821786737947201,0.036418153968559026,487.625,Severe
India,Odisha,Barbil,"Forest Office, Barbil - OSPCB",2025-11-24 19:00:00,-0.004971562044166186,0.3282707780361918,481.4375,Severe
India,Odisha,Baripada,"Meher Colony, Baripada - OSPCB",2025-11-24 19:00:00,0.3945888506854546,-0.6140090480597407,388.48837209302326,Very Poor
India,Odisha,Bhubaneswar,"Lingraj Mandir, Bhubaneswar - OSPCB",2025-11-24 19:00:00,1.2764571082195935,-0.6168053611094874,487.625,Severe
India,Odisha,Bhubaneswar,"Patia, Bhubaneswar - OSPCB",2025-11-24 19:00:00,0.2874642257622706,-0.991003357556801,393.8604651162791,Very Poor
India,Odisha,Bileipada,"Tata Township, Bileipada - OSPCB",2025-11-24 19:00:00,-1.5322562916658848,-0.1631403870757239,419.5625,Severe
India,Odisha,Brajrajnagar,"GM Office, Brajrajnagar - OSPCB",2025-11-24 19:00:00,4.747649405246278,-0.5311288437887687,323.8461538461538,Very Poor
India,Odisha,Byasanagar,"Ferro Chrome Colony, Byasanagar - OSPCB",2025-11-24 19:00:00,0.6977454098283238,-0.6924769372526592,444.3125,Severe
India,Odisha,Cuttack,"CDA Area, Cuttack - OSPCB",2025-11-24 19:00:00,1.322405701667798,-1.348851416642366,493.8125,Severe
India,Odisha,Keonjhar,"Jagamohanpur, Keonjhar - OSPCB",2025-11-24 19:00:00,-0.16244662248896083,0.8246263930327468,469.0625,Severe
India,Odisha,Nayagarh,"Dabuna, Nayagarh - OSPCB",2025-11-24 19:00:00,-1.077079331184481,-0.20499999746934844,353.1360946745562,Very Poor
India,Odisha,Rairangpur,"Divisional Forest Office, Rairangpur - OSPCB",2025-11-24 19:00:00,0.5871165873779196,0.10340286424648952,40.0,Good
India,Odisha,Rourkela,"Fertilizer Township, Rourkela - OSPCB",2025-11-24 19:00:00,-1.237039372655698,-0.5462474690741319,364.85207100591714,Very Poor
India,Odisha,Rourkela,"Raghunathpali, Rourkela - OSPCB",2025-11-24 19:00:00,-0.674676667425642,-0.38124022817122827,332.4651162790698,Very Poor
India,Odisha,Rourkela,"Sector-2, Rourkela - OSPCB",2025-11-24 19:00:00,-1.0135598574978015,-0.1831894657995436,413.375,Severe
India,Odisha,Talcher,"Talcher Coalfields,Talcher - OSPCB",2025-11-24 19:00:00,1.565446933415777,2.4207278021637104,399.2325581395349,Very Poor
India,Odisha,Tensa,"Barsua Iron Ore Mines, Tensa - OSPCB",2025-11-24 19:00:00,-0.1499910610253436,1.1796287371196672,481.4375,Severe
India,Puducherry,Puducherry,"Jawahar Nagar, Puducherry - PPCC",2025-11-24 19:00:00,-2.186627423778725,-0.49944772139126037,353.1360946745562,Very Poor
India,Punjab,Amritsar,"Golden Temple, Amritsar - PPCB",2025-11-24 19:00:00,-0.9337846118851976,0.09977232170549874,364.85207100591714,Very Poor
India,Punjab,Jalandhar,"Civil Line, Jalandhar - PPCB",2025-11-24 19:00:00,-0.7592033870227496,-0.024382386308568905,444.3125,Severe
India,Punjab,Khanna,"Kalal Majra, Khanna - PPCB",2025-11-24 19:00:00,-1.2846373063329575,-0.27435188444132574,231.72413793103448,Poor
India,Punjab,Ludhiana,"Punjab Agricultural University, Ludhiana - PPCB",2025-11-24 19:00:00,0.3266562848333645,0.7469244743127058,349.3488372093023,Very Poor
India,Punjab,Mandi Gobindgarh,"RIMT University, Mandi Gobindgarh - PPCB",2025-11-24 19:00:00,0.17415282943520022,-0.22943920583238842,350.8837209302326,Very Poor
India,Punjab,Patiala,"Model Town, Patiala - PPCB",2025-11-24 19:00:00,-0.47486715780708005,0.9090912458932802,438.125,Severe
India,Punjab,Rupnagar,"Ratanpura, Rupnagar - Ambuja Cements",2025-11-24 19:00:00,0.33700901280543827,-0.005213986262390252,,Unknown
India,Rajasthan,Ajmer,"Civil Lines,  Ajmer - RSPCB",2025-11-24 19:00:00,-0.8031176421994507,0.019137873977927378,323.8461538461538,Very Poor
India,Rajasthan,Alwar,"Moti Doongri, Alwar - RSPCB",2025-11-24 19:00:00,0.5481308990104384,1.1775512482705088,159.0344827586207,Moderate
India,Rajasthan,Banswara,"Rati Talai, Banswara - RSPCB",2025-11-24 19:00:00,0.29952040803230373,-1.0493343052276467,407.1875,Severe
India,Rajasthan,Baran,"Bamboliya, Baran - RSPCB",2025-11-24 19:00:00,-0.06280935013550064,-1.0956363669835425,370.7100591715976,Very Poor
India,Rajasthan,Barmer,"Railway Colony, Barmer - RSPCB",2025-11-24 19:00:00,-0.9494739875834164,-0.4992765202965418,358.9940828402367,Very Poor
India,Rajasthan,Bharatpur,"Krishna Nagar, Bharatpur - RSPCB",2025-11-24 19:00:00,1.3628902561954708,-1.4315077102352411,308.6744186046512,Very Poor
India,Rajasthan,Bhilwara,"Pratap Nagar, Bhilwara - RSPCB",2025-11-24 19:00:00,-0.23020305098712163,0.2255410670246444,400.0,Very Poor
India,Rajasthan,Bhiwadi,"RIICO Ind. Area III, Bhiwadi - RSPCB",2025-11-24 19:00:00,1.6497157662901316,-0.3346657557121121,469.0625,Severe
India,Rajasthan,Bhiwadi,"Vasundhara Nagar_UIT, Bhiwadi - RSPCB",2025-11-24 19:00:00,1.4865487806657975,0.30893137466433634,462.875,Severe
India,Rajasthan,Bikaner,"MM Ground, Bikaner - RSPCB",2025-11-24 19:00:00,1.7101134489594263,-0.7303394866551398,334.0,Very Poor
India,Rajasthan,Bundi,"New Colony, Bundi - RSPCB",2025-11-24 19:00:00,-0.2823073572056946,-1.290459839810643,425.75,Severe
India,Rajasthan,Chittorgarh,"Shastri Nagar, Chittorgarh - RSPCB",2025-11-24 19:00:00,-0.04463873121328568,0.47770018982819257,370.7100591715976,Very Poor
India,Rajasthan,Churu,"Subash Chowk, Churu - RSPCB",2025-11-24 19:00:00,0.24758837803090597,-1.6801749416083798,337.8372093023256,Very Poor
India,Rajasthan,Dausa,"Khatikan Mohalla, Dausa - RSPCB",2025-11-24 19:00:00,1.1200542634884356,-1.7983513684595742,300.0,Poor
India,Rajasthan,Dholpur,"Raja Ganj, Dholpur - RSPCB",2025-11-24 19:00:00,0.1974854699491371,0.08425771258153672,493.8125,Severe
India,Rajasthan,Dungarpur,"Bhoiwada, Dungarpur - RSPCB",2025-11-24 19:00:00,0.1926832923263948,-1.5564122911197105,366.2325581395349,Very Poor
India,Rajasthan,Hanumangarh,"Housing Board, Hanumangarh - RSPCB",2025-11-24 19:00:00,0.9353845485946987,-0.9565275052630963,276.1034482758621,Poor
India,Rajasthan,Jaipur,"Adarsh Nagar, Jaipur - RSPCB",2025-11-24 19:00:00,1.8160455160511184,0.1391680951341312,419.5625,Severe
India,Rajasthan,Jaipur,"Mansarovar Sector-12, Jaipur - RSPCB",2025-11-24 19:00:00,0.3940231465848066,-0.6581111008249987,407.1875,Severe
India,Rajasthan,Jaipur,"Police Commissionerate, Jaipur - RSPCB",2025-11-24 19:00:00,1.364181648487237,-0.8689762150336188,235.1379310344828,Poor
India,Rajasthan,Jaipur,"RIICO Sitapura, Jaipur - RSPCB",2025-11-24 19:00:00,1.6771333681166682,-1.4529173168286331,456.6875,Severe
India,Rajasthan,Jaipur,"Sector-2 Murlipura, Jaipur - RSPCB",2025-11-24 19:00:00,0.7919022942830704,-1.2211817599881147,431.9375,Severe
India,Rajasthan,Jaipur,"Shastri Nagar, Jaipur - RSPCB",2025-11-24 19:00:00,2.634103459039176,-0.12914023951328849,399.2325581395349,Very Poor
India,Rajasthan,Jaisalmer,"Sadar Bazar, Jaisalmer - RSPCB",2025-11-24 19:00:00,1.0838815935682526,-1.3739249370245323,456.6875,Severe
India,Rajasthan,Jalore,"Mudtra Sili, Jalore - RSPCB",2025-11-24 19:00:00,1.1747928931453675,-1.1422316299858681,332.4651162790698,Very Poor
India,Rajasthan,Jhalawar,"Rajlaxmi Nagar, Jhalawar - RSPCB",2025-11-24 19:00:00,0.7934268609867137,-1.092280605892809,500.0,Severe
India,Rajasthan,Jhunjhunu,"Indra Nagar, Jhunjhunu - RSPCB",2025-11-24 19:00:00,1.0690136681644944,-1.2140941196223332,400.0,Very Poor
India,Rajasthan,Jodhpur,"Collectorate, Jodhpur - RSPCB",2025-11-24 19:00:00,0.009360682765502077,0.06765803555082664,450.5,Severe
India,Rajasthan,Jodhpur,"Digari Kalan, Jodhpur - RSPCB",2025-11-24 19:00:00,0.48818755376075784,-1.591651146447632,394.14201183431953,Very Poor
India,Rajasthan,Jodhpur,"Jhalamand, Jodhpur - RSPCB",2025-11-24 19:00:00,0.3908533199677978,-1.167682588830104,358.9940828402367,Very Poor
India,Rajasthan,Jodhpur,"Mandor, Jodhpur - RSPCB",2025-11-24 19:00:00,-0.4334684403131161,-1.2854195442919443,320.1860465116279,Very Poor
India,Rajasthan,Jodhpur,"Samrat Ashok Udhyan, Jodhpur - RSPCB",2025-11-24 19:00:00,0.8120075340395776,-1.3901028678179836,419.5625,Severe
India,Rajasthan,Karauli,"Satyawati Vihar, Karauli - RSPCB",2025-11-24 19:00:00,-0.6264459018253085,-1.2684071313018137,312.1301775147929,Very Poor
India,Rajasthan,Kota,"Dhanmandi, Kota - RSPCB",2025-11-24 19:00:00,0.5665211845209024,-1.2284818391746708,481.4375,Severe
India,Rajasthan,Kota,"Nayapura, Kota - RSPCB",2025-11-24 19:00:00,1.633577569756597,-1.431495215493877,357.0232558139535,Very Poor
India,Rajasthan,Kota,"Shrinath Puram, Kota - RSPCB",2025-11-24 19:00:00,-0.1829755027625224,0.36446690704629225,397.6976744186047,Very Poor
India,Rajasthan,Nagaur,"Karni Colony, Nagaur - RSPCB",2025-11-24 19:00:00,-0.3317054671188131,-1.185279125588614,376.5680473372781,Very Poor
India,Rajasthan,Pali,"Indira Colony Vistar, Pali - RSPCB",2025-11-24 19:00:00,-0.03930026145239507,-0.13658176209604445,376.5680473372781,Very Poor
India,Rajasthan,Pratapgarh,"Pragati Nagar, Pratapgarh - RSPCB",2025-11-24 19:00:00,-0.3212399684935289,-1.6180952703551559,394.14201183431953,Very Poor
India,Rajasthan,Rajsamand,"Dhoinda, Rajsamand - RSPCB",2025-11-24 19:00:00,1.001203891411451,-1.101698069578182,356.2558139534884,Very Poor
India,Rajasthan,Sawai Madhopur,"Sahu Nagar, Sawai Madhopur - RSPCB",2025-11-24 19:00:00,-0.5134348776704037,-1.1726851201089532,394.14201183431953,Very Poor
India,Rajasthan,Sikar,"Radhakishan Pura, Sikar - RSPCB",2025-11-24 19:00:00,0.7387917512279779,-1.2501337446838852,400.0,Very Poor
India,Rajasthan,Sirohi,"Vedhaynath Colony, Sirohi - RSPCB",2025-11-24 19:00:00,-0.31011418787208633,-0.7035163073007046,400.0,Very Poor
India,Rajasthan,Sri Ganganagar,"Old City, Sri Ganganagar - RSPCB",2025-11-24 19:00:00,3.931198229334959,-1.5570823534713765,180.73154362416108,Moderate
India,Rajasthan,Tonk,"Shastri Nagar, Tonk - RSPCB",2025-11-24 19:00:00,2.0270365333458766,-0.7235923308428693,462.875,Severe
India,Rajasthan,Udaipur,"Ashok Nagar, Udaipur - RSPCB",2025-11-24 19:00:00,0.11733709836967218,-0.23134278656075172,425.75,Severe
India,Sikkim,Gangtok,"Zero Point GICI, Gangtok - SSPCB",2025-11-24 19:00:00,-2.4639702519806566,-1.6198881250033115,162.40506329113924,Moderate
India,TamilNadu,Ariyalur,"Keelapalur, Ariyalur - TNPCB",2025-11-24 19:00:00,-2.317157493320298,-0.3725443555526239,23.333333333333336,Good
India,TamilNadu,Chennai,"Alandur Bus Depot, Chennai - CPCB",2025-11-24 19:00:00,-0.48964247236756864,0.482194020251433,394.14201183431953,Very Poor
India,TamilNadu,Chennai,"Arumbakkam, Chennai - TNPCB",2025-11-24 19:00:00,-1.7779611552597934,-1.0733334121610734,72.9655172413793,Satisfactory
India,TamilNadu,Chennai,"Kodungaiyur, Chennai - TNPCB",2025-11-24 19:00:00,-1.4511914495222198,-0.16423237085276224,91.55172413793105,Satisfactory
India,TamilNadu,Chennai,"Manali Village, Chennai - TNPCB",2025-11-24 19:00:00,-2.5660871876091687,-0.11256921392430468,285.6521739130435,Poor
India,TamilNadu,Chennai,"Manali, Chennai - CPCB",2025-11-24 19:00:00,-1.2223084768850203,0.3156516849732161,285.6521739130435,Poor
India,TamilNadu,Chennai,"Perungudi, Chennai - TNPCB",2025-11-24 19:00:00,-2.12201491377179,-0.542365796650447,425.75,Severe
India,TamilNadu,Chennai,"Velachery Res. Area, Chennai - CPCB",2025-11-24 19:00:00,-1.9249239054726006,0.25979796075091355,431.9375,Severe
India,TamilNadu,Coimbatore,"SIDCO Kurichi, Coimbatore - TNPCB",2025-11-24 19:00:00,-2.5165671514477563,0.6970182228247215,329.70414201183434,Very Poor
India,TamilNadu,Cuddalore,"Kudikadu, Cuddalore - TNPCB",2025-11-24 19:00:00,-1.2867963325907277,0.5253620128968298,40.0,Good
India,TamilNadu,Cuddalore,"Semmandalam, Cuddalore - TNPCB",2025-11-24 19:00:00,-2.4028970965363396,0.3619981581500735,64.51724137931035,Satisfactory
India,TamilNadu,Dindigul,"Mendonsa Colony, Dindigul - TNPCB",2025-11-24 19:00:00,-1.6143512194671956,0.3788038839015039,370.7100591715976,Very Poor
India,TamilNadu,Gummidipoondi,"Anthoni Pillai Nagar, Gummidipoondi - TNPCB",2025-11-24 19:00:00,-0.9570396867540418,0.933581663727519,331.69767441860466,Very Poor
India,TamilNadu,Karur,"Kamadenu Nagar, Karur - TNPCB",2025-11-24 19:00:00,-1.738636990826214,0.4161836614966336,20.0,Good
India,TamilNadu,Madurai,"Uchapatti, Madurai - TNPCB",2025-11-24 19:00:00,-1.9737645674961006,1.6495035761367243,271.30434782608694,Poor
India,TamilNadu,Nagapattinam,"Velippalayam, Nagapattinam - TNPCB",2025-11-24 19:00:00,-0.7021178261928622,0.5156589881425317,317.98816568047334,Very Poor
India,TamilNadu,Ooty,"Bombay Castel, Ooty - TNPCB",2025-11-24 19:00:00,-2.3177929610445656,0.172949197828778,18.75,Good
India,TamilNadu,Perundurai,"SIPCOT Industrial Park, Perundurai - TNPCB",2025-11-24 19:00:00,-2.8948594515283803,0.09388147497115114,306.2721893491124,Very Poor
India,TamilNadu,Pudukottai,"SIPCOT Nathampannai, Pudukottai - TNPCB",2025-11-24 19:00:00,-1.919430352444523,-0.3667280118117693,43.333333333333336,Good
India,TamilNadu,Ramanathapuram,"Chalai Bazaar, Ramanathapuram - TNPCB",2025-11-24 19:00:00,-2.245999689353192,0.25295007075045417,347.27810650887574,Very Poor
India,TamilNadu,Salem,"Sona College of Technology, Salem - TNPCB",2025-11-24 19:00:00,-1.4166686717415469,0.5022068225185704,228.2608695652174,Poor
India,TamilNadu,Thanjavur,"Parisutham Nagar, Thanjavur - TNPCB",2025-11-24 19:00:00,-2.3718794539808195,-0.08218129471839834,21.25,Good
India,TamilNadu,Thoothukudi,"Meelavittan, Thoothukudi - TNPCB",2025-11-24 19:00:00,-0.49444114070362893,-0.5631529886899707,34.0,Good
India,TamilNadu,Tiruchirappalli,"St Joseph College, Tiruchirappalli - TNPCB",2025-11-24 19:00:00,-2.7077799171776853,0.2722365140228674,21.666666666666668,Good
India,TamilNadu,Tirupur,"Kumaran College, Tirupur - TNPCB",2025-11-24 19:00:00,-2.5315210554768006,-0.47913223392354026,329.70414201183434,Very Poor
India,TamilNadu,Virudhunagar,"Collectorate Office, Virudhunagar - TNPCB",2025-11-24 19:00:00,-0.37758815671677737,0.005841800625964557,285.6521739130435,Poor
India,Telangana,Hyderabad,"Bollaram Industrial Area, Hyderabad - TSPCB",2025-11-24 19:00:00,-1.3489423380910364,-0.8384596561746911,370.7100591715976,Very Poor
India,Telangana,Hyderabad,"Central University, Hyderabad - TSPCB",2025-11-24 19:00:00,-1.614763236463104,-0.308794895281947,329.70414201183434,Very Poor
India,Telangana,Hyderabad,"ECIL Kapra, Hyderabad - TSPCB",2025-11-24 19:00:00,-1.718792917849319,-0.19932203825815883,341.42011834319527,Very Poor
India,Telangana,Hyderabad,"ICRISAT Patancheru, Hyderabad - TSPCB",2025-11-24 19:00:00,-1.839961262627282,-0.6853820969332599,317.98816568047334,Very Poor
India,Telangana,Hyderabad,"IDA Pashamylaram, Hyderabad - TSPCB",2025-11-24 19:00:00,-1.629411907757946,-0.6630693010655275,91.55172413793105,Satisfactory
India,Telangana,Hyderabad,"IITH Kandi, Hyderabad - TSPCB",2025-11-24 19:00:00,-2.117279990948689,-0.01108136168502561,300.0,Poor
India,Telangana,Hyderabad,"Kokapet, Hyderabad - TSPCB",2025-11-24 19:00:00,-1.7297137350667193,-0.03413921978698239,388.2840236686391,Very Poor
India,Telangana,Hyderabad,"Kompally Municipal Office, Hyderabad - TSPCB",2025-11-24 19:00:00,-1.9257800348029905,-0.07539837830941712,271.30434782608694,Poor
India,Telangana,Hyderabad,"Nacharam_TSIIC IALA, Hyderabad - TSPCB",2025-11-24 19:00:00,-1.7990392181367303,-0.16631945530786407,358.9940828402367,Very Poor
India,Telangana,Hyderabad,"New Malakpet, Hyderabad - TSPCB",2025-11-24 19:00:00,-1.6442105346010085,0.18511792021630696,419.5625,Severe
India,Telangana,Hyderabad,"Ramachandrapuram, Hyderabad - TSPCB",2025-11-24 19:00:00,-2.120236277579739,-0.0845381056780425,353.1360946745562,Very Poor
India,Telangana,Hyderabad,"Sanathnagar, Hyderabad - TSPCB",2025-11-24 19:00:00,-0.9197646579150637,0.04228541980279702,444.3125,Severe
India,Telangana,Hyderabad,"Somajiguda, Hyderabad - TSPCB",2025-11-24 19:00:00,-1.764300817264861,0.31297430638634943,347.27810650887574,Very Poor
India,Telangana,Hyderabad,"Zoo Park, Hyderabad - TSPCB",2025-11-24 19:00:00,-0.26084770727508433,-0.5389342258729138,324.7906976744186,Very Poor
India,Tripura,Agartala,"Bardowali, Agartala - Tripura SPCB",2025-11-24 19:00:00,-0.8483909424276279,1.3500865344000417,293.17241379310343,Poor
India,Uttar_Pradesh,Agra,"Manoharpur, Agra - UPPCB",2025-11-24 19:00:00,-0.8843177110652284,3.3723552466320386,353.1360946745562,Very Poor
India,Uttar_Pradesh,Agra,"Rohta, Agra - UPPCB",2025-11-24 19:00:00,-0.11953637206879747,1.672006079355932,493.8125,Severe
India,Uttar_Pradesh,Agra,"Sanjay Palace, Agra - UPPCB",2025-11-24 19:00:00,-0.1229675020969138,-0.5454495600125768,431.9375,Severe
India,Uttar_Pradesh,Agra,"Sector-3B Avas Vikas Colony, Agra - UPPCB",2025-11-24 19:00:00,-0.42965492416809103,0.006238493717482966,306.2721893491124,Very Poor
India,Uttar_Pradesh,Agra,"Shahjahan Garden, Agra - UPPCB",2025-11-24 19:00:00,-0.6890325220092292,0.8146650750756229,431.9375,Severe
India,Uttar_Pradesh,Agra,"Shastripuram, Agra - UPPCB",2025-11-24 19:00:00,-1.1479543912855588,0.5000118907526933,364.85207100591714,Very Poor
India,Uttar_Pradesh,Baghpat,"Sardar Patel Inter College, Baghpat - UPPCB",2025-11-24 19:00:00,1.8970809707537133,0.15453764974732523,413.42,Severe
India,Uttar_Pradesh,Bareilly,"Civil Lines, Bareilly - UPPCB",2025-11-24 19:00:00,-1.2808695910168986,0.38438402707871133,104.41379310344828,Moderate
India,Uttar_Pradesh,Bareilly,"Rajendra Nagar, Bareilly - UPPCB",2025-11-24 19:00:00,-1.5151730059568103,1.917709719010924,376.5680473372781,Very Poor
India,Uttar_Pradesh,Bulandshahr,"Yamunapuram, Bulandshahr - UPPCB",2025-11-24 19:00:00,4.237624458286373,1.100885650359843,420.44,Severe
India,Uttar_Pradesh,Firozabad,"Nagla Bhau, Firozabad - UPPCB",2025-11-24 19:00:00,-2.0820049789463044,0.8123631555340924,306.2721893491124,Very Poor
India,Uttar_Pradesh,Firozabad,"Vibhab Nagar, Firozabad - UPPCB",2025-11-24 19:00:00,-0.6729505947837923,0.5152077315348438,329.70414201183434,Very Poor
India,Uttar_Pradesh,Ghaziabad,"Indirapuram, Ghaziabad - UPPCB",2025-11-24 19:00:00,1.9583936815597784,-0.2840331368915415,143.85074626865674,Moderate
India,Uttar_Pradesh,Ghaziabad,"Loni, Ghaziabad - UPPCB",2025-11-24 19:00:00,3.8607729948968346,1.093814573656698,427.46,Severe
India,Uttar_Pradesh,Ghaziabad,"Sanjay Nagar, Ghaziabad - UPPCB",2025-11-24 19:00:00,2.6369665502423594,0.4162450886707629,493.8125,Severe
India,Uttar_Pradesh,Ghaziabad,"Vasundhara, Ghaziabad - UPPCB",2025-11-24 19:00:00,5.530179682865168,0.781428853398718,426.92,Severe
India,Uttar_Pradesh,Gorakhpur,"Madan Mohan Malaviya University of Technology, Gorakhpur - UPPCB",2025-11-24 19:00:00,-2.144947784641606,1.1396111499389392,162.40506329113924,Moderate
India,Uttar_Pradesh,Greater Noida,"Knowledge Park - III, Greater Noida - UPPCB",2025-11-24 19:00:00,4.309851642820766,0.5357804834512083,415.58,Severe
India,Uttar_Pradesh,Greater Noida,"Knowledge Park - V, Greater Noida - UPPCB",2025-11-24 19:00:00,5.553407109280604,-0.6999942513860269,434.12,Severe
India,Uttar_Pradesh,Hapur,"Anand Vihar, Hapur - UPPCB",2025-11-24 19:00:00,2.672175840010301,1.8340234502332717,430.52,Severe
India,Uttar_Pradesh,Jhansi,"Shivaji Nagar, Jhansi - UPPCB",2025-11-24 19:00:00,-2.182750916413976,0.32028045282308887,413.375,Severe
India,Uttar_Pradesh,Kanpur,"FTI Kidwai Nagar, Kanpur - UPPCB",2025-11-24 19:00:00,-0.7329677720802118,1.4294775950800507,450.5,Severe
India,Uttar_Pradesh,Kanpur,"NSI Kalyanpur, Kanpur - UPPCB",2025-11-24 19:00:00,-0.8826550900534521,0.5186242744017442,316.3488372093023,Very Poor
India,Uttar_Pradesh,Kanpur,"Nehru Nagar, Kanpur - UPPCB",2025-11-24 19:00:00,-0.010910282065374801,-0.021800418345873738,413.375,Severe
India,Uttar_Pradesh,Khurja,"Kalindi Kunj, Khurja - UPPCB",2025-11-24 19:00:00,1.673455975516345,-0.8436582690753546,481.4375,Severe
India,Uttar_Pradesh,Lucknow,"B R Ambedkar University, Lucknow - UPPCB",2025-11-24 19:00:00,0.47574955765440846,0.9146356330208404,376.9767441860465,Very Poor
India,Uttar_Pradesh,Lucknow,"Gomti Nagar, Lucknow - UPPCB",2025-11-24 19:00:00,-0.6605854510425166,-0.1504440364125655,419.5625,Severe
India,Uttar_Pradesh,Lucknow,"Kendriya Vidyalaya, Lucknow - CPCB",2025-11-24 19:00:00,1.1094591759808492,-0.6292551865938184,384.6511627906977,Very Poor
India,Uttar_Pradesh,Lucknow,"Kukrail Picnic Spot-1, Lucknow - UPPCB",2025-11-24 19:00:00,-1.0345236114275318,2.111040500456953,301.7674418604651,Very Poor
India,Uttar_Pradesh,Lucknow,"Lalbagh, Lucknow - CPCB",2025-11-24 19:00:00,2.9514567468737427,-0.5432758120225716,403.16,Severe
India,Uttar_Pradesh,Lucknow,"Talkatora District Industries Center, Lucknow - CPCB",2025-11-24 19:00:00,0.33308049662475026,-0.37032586313833676,345.51162790697674,Very Poor
India,Uttar_Pradesh,Meerut,"Ganga Nagar, Meerut - UPPCB",2025-11-24 19:00:00,2.202365167317044,0.7109796518647726,444.3125,Severe
India,Uttar_Pradesh,Meerut,"Jai Bhim Nagar, Meerut - UPPCB",2025-11-24 19:00:00,5.54462796149492,-1.1958752164186373,418.46,Severe
India,Uttar_Pradesh,Meerut,"Pallavpuram Phase 2, Meerut - UPPCB",2025-11-24 19:00:00,2.6524216265179126,-0.17129271832301013,444.3125,Severe
India,Uttar_Pradesh,Moradabad,"Buddhi Vihar, Moradabad - UPPCB",2025-11-24 19:00:00,-0.10231639884520749,4.643666968431876,316.3488372093023,Very Poor
India,Uttar_Pradesh,Moradabad,"Eco Herbal Park, Moradabad - UPPCB",2025-11-24 19:00:00,0.4101724915042809,0.21746012459028638,493.8125,Severe
India,Uttar_Pradesh,Moradabad,"Employment Office, Moradabad - UPPCB",2025-11-24 19:00:00,-0.9526892086147942,0.7508751182836937,388.2840236686391,Very Poor
India,Uttar_Pradesh,Moradabad,"Jigar Colony, Moradabad - UPPCB",2025-11-24 19:00:00,-0.9111407350329236,1.790792562905128,438.125,Severe
India,Uttar_Pradesh,Moradabad,"Kashiram Nagar, Moradabad - UPPCB",2025-11-24 19:00:00,0.0680575504050309,7.897601081508048,438.125,Severe
India,Uttar_Pradesh,Moradabad,"Transport Nagar, Moradabad - UPPCB",2025-11-24 19:00:00,-0.5943477420594154,1.414701269982613,400.0,Very Poor
India,Uttar_Pradesh,Muzaffarnagar,"New Mandi, Muzaffarnagar - UPPCB",2025-11-24 19:00:00,2.185354295786227,0.8327637510167262,412.52,Severe
India,Uttar_Pradesh,Noida,"Sector - 125, Noida - UPPCB",2025-11-24 19:00:00,3.387767843512201,0.26093308478297217,431.9375,Severe
India,Uttar_Pradesh,Noida,"Sector - 62, Noida - IMD",2025-11-24 19:00:00,2.7798412101706265,0.0897431885731744,481.4375,Severe
India,Uttar_Pradesh,Noida,"Sector-1, Noida - UPPCB",2025-11-24 19:00:00,5.4139204468830116,0.042353247834377154,427.82,Severe
India,Uttar_Pradesh,Noida,"Sector-116, Noida - UPPCB",2025-11-24 19:00:00,2.679965929174799,-0.3401240276545725,353.63291139240505,Very Poor
India,Uttar_Pradesh,Prayagraj,"Jhunsi, Prayagraj - UPPCB",2025-11-24 19:00:00,-0.5786096970499609,-0.07254725863494582,481.4375,Severe
India,Uttar_Pradesh,Prayagraj,"Motilal Nehru NIT, Prayagraj - UPPCB",2025-11-24 19:00:00,-0.40639981510717416,1.440593469889455,425.75,Severe
India,Uttar_Pradesh,Prayagraj,"Nagar Nigam, Prayagraj - UPPCB",2025-11-24 19:00:00,-0.17305595639145782,0.3867629392627042,500.0,Severe
India,Uttar_Pradesh,Varanasi,"Ardhali Bazar, Varanasi - UPPCB",2025-11-24 19:00:00,-0.3960698137598442,-0.1755154485727626,256.95652173913044,Poor
India,Uttar_Pradesh,Varanasi,"Bhelupur, Varanasi - UPPCB",2025-11-24 19:00:00,-1.4994092696906063,1.4380604981295417,382.4260355029586,Very Poor
India,Uttar_Pradesh,Varanasi,"IESD Banaras Hindu University, Varanasi - UPPCB",2025-11-24 19:00:00,-1.2840248377807892,1.3628463360038772,324.7906976744186,Very Poor
India,Uttar_Pradesh,Varanasi,"Maldahiya, Varanasi - UPPCB",2025-11-24 19:00:00,-1.2923057919291527,1.3044969624142297,394.14201183431953,Very Poor
India,Uttar_Pradesh,Vrindavan,"Omex Eternity, Vrindavan - UPPCB",2025-11-24 19:00:00,-1.1646810574555975,0.12881365373307005,475.25,Severe
India,Uttarakhand,Dehradun,"Doon University, Dehradun - UKPCB",2025-11-24 19:00:00,-1.159558985040005,-1.0530159580935528,413.375,Severe
India,Uttarakhand,Kashipur,"Govt. Girls Inter College, Kashipur - UKPCB",2025-11-24 19:00:00,-1.2712610923251046,-0.04367119132151076,407.1875,Severe
India,Uttarakhand,Rishikesh,"Shivaji Nagar, Rishikesh - UKPCB",2025-11-24 19:00:00,-1.274320730388727,-0.6606118777611489,382.4260355029586,Very Poor
India,West_Bengal,Asansol,"Asansol Court Area, Asansol - WBPCB",2025-11-24 19:00:00,-0.038706764125095244,0.2914903369252003,469.0625,Severe
India,West_Bengal,Asansol,"Evelyn Lodge, Asansol - WBPCB",2025-11-24 19:00:00,-0.7263766975843743,-0.002955876650955248,364.85207100591714,Very Poor
India,West_Bengal,Asansol,"Mahabir Colliery, Asansol - WBPCB",2025-11-24 19:00:00,0.05749562107724874,-0.2270860175277927,406.94,Severe
India,West_Bengal,Asansol,"Trivenidevi Bhalotia College, Asansol - WBPCB",2025-11-24 19:00:00,0.19097084784373697,-0.6754335156609587,487.625,Severe
India,West_Bengal,Barrackpore,"SVSPA Campus, Barrackpore - WBPCB",2025-11-24 19:00:00,-0.23933191177949417,-0.2657280887440269,335.5348837209302,Very Poor
India,West_Bengal,Durgapur,"Mahishkapur Road_B-Zone, Durgapur - WBPCB",2025-11-24 19:00:00,-0.017896085784344085,0.2940323397012898,317.8837209302326,Very Poor
India,West_Bengal,Durgapur,"PCBL Residential Complex, Durgapur - WBPCB",2025-11-24 19:00:00,-0.8239735479085893,-0.5941163594779882,493.8125,Severe
India,West_Bengal,Durgapur,"Womens College_City Center, Durgapur - WBPCB (Formerly known as Sidhu Kanhu Indoor Stadium)",2025-11-24 19:00:00,-0.6625430119642215,0.42350426808223923,462.875,Severe
India,West_Bengal,Haldia,"Priyambada Housing Estate, Haldia - WBPCB",2025-11-24 19:00:00,-0.19608254040181383,0.3172876227960167,413.375,Severe
India,West_Bengal,Howrah,"Belur Math, Howrah - WBPCB",2025-11-24 19:00:00,0.5653346785973602,-0.14294268794912596,413.375,Severe
India,West_Bengal,Howrah,"Botanical Garden, Howrah - WBPCB",2025-11-24 19:00:00,-1.3781613460206492,-0.17607827887813768,358.9940828402367,Very Poor
India,West_Bengal,Howrah,"Dasnagar, Howrah - WBPCB",2025-11-24 19:00:00,0.5425055468407773,-0.9065797147746346,456.6875,Severe
India,West_Bengal,Howrah,"Ghusuri, Howrah - WBPCB",2025-11-24 19:00:00,-0.37854789884052575,-0.3105656582033272,342.4418604651163,Very Poor
India,West_Bengal,Howrah,"Padmapukur, Howrah - WBPCB",2025-11-24 19:00:00,-0.2700173652022573,-0.7503352353620704,347.27810650887574,Very Poor
India,West_Bengal,Kolkata,"Ballygunge, Kolkata - WBPCB",2025-11-24 19:00:00,0.059073874871140956,-0.2382887648103895,419.5625,Severe
India,West_Bengal,Kolkata,"Bidhannagar, Kolkata - WBPCB",2025-11-24 19:00:00,-0.33861296492985915,-0.3240434573990742,276.1034482758621,Poor
India,West_Bengal,Kolkata,"Fort William, Kolkata - WBPCB",2025-11-24 19:00:00,-0.2561443529371655,-0.2989947962201704,382.4260355029586,Very Poor
India,West_Bengal,Kolkata,"Jadavpur, Kolkata - WBPCB",2025-11-24 19:00:00,1.132631112492722,-0.514306835199044,406.76,Severe
India,West_Bengal,Kolkata,"Rabindra Bharati University, Kolkata - WBPCB",2025-11-24 19:00:00,0.5986206526827319,-0.9365583812732714,444.3125,Severe
India,West_Bengal,Kolkata,"Rabindra Sarobar, Kolkata - WBPCB",2025-11-24 19:00:00,1.3391703079257413,-1.1699269739755243,493.8125,Severe
India,West_Bengal,Kolkata,"Victoria, Kolkata - WBPCB",2025-11-24 19:00:00,-0.21002042308377167,0.15218368690572456,410.18,Severe
India,West_Bengal,Siliguri,"Ward-32 Bapupara, Siliguri - WBPCB",2025-11-24 19:00:00,-0.2786830146919673,-0.29242792375800986,438.125,Severe
